kost_name_rough,kota,type_kos,area,facility_score,harga_nomina
Kost Pondok Nirwana Merr Tipe C Surabaya,surabaya,putri,rungkut,6,1600000
Kost Pondok Nirwana Merr Tipe B Surabaya,surabaya,putri,rungkut,4,1500000
Kost Pondok Nirwana Merr Tipe A Surabaya,surabaya,putri,rungkut,4,1400000
Kost Rungkut Mejoyo Selatan  X No 26 Rungkut Surabaya,surabaya,putri,rungkut,4,1100000
Kost Rungkut Mejoyo Selatan X  No.26 Rungkut Surabaya,surabaya,putri,rungkut,4,850000
Kost Rumah LE Laundry Exelso Rungkut Surabaya,surabaya,putri,rungkut,4,1100000
Kost Griya Agung Sukolilo Surabaya,surabaya,putra,sukolilo,0,600000
Kost VIP Merr Tipe D Surabaya,surabaya,putra,sukolilo,6,1525000
Kost VIP Merr Tipe B Surabaya,surabaya,putra,sukolilo,6,1500000
Kost VIP Merr Tipe C Surabaya,surabaya,putra,sukolilo,6,1560000
Kost VIP Merr Tipe E Surabaya,surabaya,putra,sukolilo,6,1550000
Kost Brantas Permai Wiyung Surabaya,surabaya,putri,wiyung,4,900000
Kost Barokah Jajar Tunggal Tipe A Wiyung Surabaya,surabaya,campur,wiyung,2,400000
Kost Sutrami No 1 Wiyung Surabaya,surabaya,putri,wiyung,2,450000
Kost Sutrami No 26 Wiyung Surabaya,surabaya,putri,wiyung,2,500000
Kost Bapak Kusnan Tipe B Gubeng Surabaya,surabaya,putri,gubeng,4,750000
Kost Pak Kusnan Tipe C Gubeng Surabaya,surabaya,putri,gubeng,4,800000
Kost Karmen Tipe A Gubeng Surabaya,surabaya,putri,gubeng,4,500000
Kost Karmen Tipe B Gubeng Surabaya,surabaya,putri,gubeng,4,500000
Kost Murah Eksekutif Tipe A Manyar Sambongan Gubeng Surabaya,surabaya,campur,gubeng,6,1300000
Kost Marlan Tambaksari Surabaya,surabaya,campur,tambaksari,0,600000
Kost Ibu Sarman Gubeng Surabaya,surabaya,putra,gubeng,4,600000
Kost  Kertajaya Gubeng Surabaya,surabaya,putri,gubeng,4,750000
Kost Putri Aurelia Gubeng Surabaya,surabaya,putri,gubeng,0,500000
Kost Jalan Kedung Tarukan Baru Gubeng Surabaya,surabaya,putra,gubeng,2,600000
Jl kedung tarukan baru 4a no2 agen pos,surabaya,putra,gubeng,4,500000
Kost Kedung Tarukan Baru 1 No.38 Gubeng Surabaya,surabaya,putra,gubeng,4,600000
Kost Berkat Tambaksari Surabaya,surabaya,putra,tambaksari,4,1250000
Kost Cika Indah Tambaksari Surabaya,surabaya,putri,tambaksari,4,2000000
Kost Gubeng Kertajaya Surabaya,surabaya,putra,gubeng,6,2200000
Kost Dharmawangsa Barat Gubeng  Surabaya,surabaya,putri,gubeng,4,600000
Kost Pak Ribut Gubeng Surabaya,surabaya,putra,gubeng,0,600000
Kost Ibu Parmi Gubeng Surabaya,surabaya,putra,gubeng,4,1300000
Kost Ibu Mul Mojo Surabaya,surabaya,putra,gubeng,4,700000
Kost Circle Tipe A Gubeng Kertajaya Surabaya,surabaya,putra,gubeng,4,1450000
Kost Dua Dua Karang Rejo Timur Wonokromo Surabaya,surabaya,putri,wonokromo,2,750000
Kost Ibu Linda Wonokromo Surabaya,surabaya,putri,wonokromo,2,600000
Kost Dento Baratajaya Gubeng Surabaya,surabaya,putri,gubeng,4,1500000
Kost Brawet Wonokromo Surabaya,surabaya,putri,wonokromo,2,950000
Kost Ketintang 91 Wonokromo Surabaya,surabaya,campur,gayungan,6,1250000
Kost Ngagel Madya V 39 Tipe C Gubeng Surabaya,surabaya,putra,gubeng,4,1000000
Kost Ngagel Madya V 39 Gubeng Surabaya,surabaya,putra,gubeng,4,750000
Kost Rumah Mukanie 1 Gayungan Surabaya,surabaya,putri,gayungan,2,750000
Kost Rumah Mukanie 2 Gayungan Surabaya,surabaya,putri,gayungan,6,950000
Kost Putri Tipe B Wonokromo Surabaya,surabaya,putri,wonokromo,0,550000
Kost Njs320 Tipe B Gubeng Surabaya,surabaya,campur,gubeng,2,900000
Kost Njs320 Tipe C Gubeng Surabaya,surabaya,campur,gubeng,2,1500000
Kost Diana Wonokromo Surabaya,surabaya,putri,wonokromo,0,450000
Kost Jl Barata Jaya XX Surabaya,surabaya,campur,gubeng,4,1300000
Kost Yustina Gubeng Surabaya,surabaya,putri,gubeng,2,650000
Kost Pasutri Pak Helmi Boarding House Sukolilo Surabaya,surabaya,putri,sukolilo,6,1700000
Kost Alfika Syariah Gubeng Surabaya,surabaya,putri,gubeng,4,700000
Kost Pak Yudi Sukolilo Surabaya,surabaya,putra,sukolilo,4,1000000
Kost Keputih Makam E 21 Sukolilo Surabaya,surabaya,putra,sukolilo,0,500000
Kost Agam Keputih 1/42 Tipe A Sukolilo Surabaya,surabaya,putra,sukolilo,4,1000000
Kost Putra Merdeka Sukolilo Surabaya,surabaya,putra,sukolilo,2,550000
Kost Muslimah 104 Tipe B Sukolilo Surabaya,surabaya,putri,sukolilo,2,550000
Kost Muslimah 104 Tipe C Sukolilo Surabaya,surabaya,putri,sukolilo,2,600000
Kost Pak Ali Irsyad I Sukolilo Surabaya,surabaya,putra,sukolilo,4,650000
Kost Kedondong Umi Sukolilo Surabaya,surabaya,campur,sukolilo,2,700000
Kost Karang Menjangan Gubeng Surabaya,surabaya,putra,gubeng,2,600000
Kost Like Mojoklangru  Tipe A Gubeng Surabaya,surabaya,campur,gubeng,4,900000
Kost Like Mojoklangru  Tipe B Gubeng Surabaya,surabaya,campur,gubeng,4,1400000
Kost Like Gubeng Surabaya,surabaya,campur,gubeng,4,1000000
Kost Montis Gubeng Surabaya,surabaya,campur,gubeng,4,1250000
Kost Griya Semar Gubeng Surabaya,surabaya,putri,gubeng,4,1300000
Kost Dharma Berkah Yudistira Gubeng Surabaya,surabaya,putri,gubeng,2,500000
Kost Griyo Eyang Toemin Gubeng Surabaya,surabaya,campur,gubeng,0,1800000
Kost Prambanan 9A Tipe A Tambaksari Surabaya,surabaya,putri,tambaksari,4,900000
Kost Prambanan 9A Tipe B Tambaksari Surabaya,surabaya,putri,tambaksari,4,1000000
Kost Bu Ofa Tipe B Tambaksari Surabaya,surabaya,putri,tambaksari,2,350000
Kost Bu Ira Gubeng Surabaya,surabaya,campur,gubeng,4,850000
Kost Nadia Jaya Tegalsari Surabaya,surabaya,putri,tegalsari,4,1000000
Kost Jl Kedung Tarukan Gubeng Surabaya,surabaya,putri,gubeng,2,600000
Kost Yellow Gubeng Surabaya,surabaya,putri,gubeng,4,900000
Kost Dhs Dharmahusada Gubeng Surabaya,surabaya,putra,gubeng,6,2000000
Kost Bu Rossy Tegalsari Surabaya,surabaya,putri,tegalsari,4,500000
Kost Abadi Jaya 41 Tegalsari Surabaya,surabaya,putri,tegalsari,4,900000
Kost Bu Ofa Tipe C Tambaksari Surabaya,surabaya,putri,tambaksari,2,400000
Kost Imannuell Gubeng Surabaya,surabaya,putri,gubeng,2,750000
Kost Njs III/20 Gubeng Surabaya,surabaya,campur,gubeng,2,1000000
Kost Jl Ngagel Jaya TengahTipe B Surabaya,surabaya,campur,gubeng,4,900000
Kost Wanita Ngagel Jaya Tipe A Surabaya,surabaya,putri,gubeng,2,1750000
Kost Upi Dukuh Pakis Surabaya,surabaya,putra,dukuhpakis,6,1350000
Kost Perempuan Dukuhpakis Surabaya,surabaya,putri,dukuhpakis,2,800000
Kost DK Tipe A Dukuhpakis Surabaya,surabaya,campur,dukuhpakis,2,400000
Kost Dk Tipe B Dukuhpakis Surabaya,surabaya,campur,dukuhpakis,4,600000
Kost Ibu Rum Dukuhpakis Surabaya,surabaya,putri,dukuhpakis,2,700000
Kost Darmo Guest House Tipe A Wiyung Surabaya,surabaya,putri,wiyung,6,1599000
Kost Blessing Homestay Dukuh Pakis Surabaya,surabaya,campur,dukuhpakis,6,2200000
[FLEXI] Kost Singgahsini Cimanuk Tipe A Wonokromo Surabaya,surabaya,putri,tegalsari,4,2061500
[FLEXI] Kost Singgahsini Cimanuk Tipe B Wonokromo Surabaya,surabaya,putri,tegalsari,4,1670000
Kost Setail 22 Wonokromo Surabaya,surabaya,campur,wonokromo,6,1500000
Kost Premium Ngagel Mulyo Wonokromo Surabaya,surabaya,campur,wonokromo,4,1750000
Kost Ferkyta Tipe A Wonokromo Surabaya,surabaya,putra,wonokromo,2,1100000
Kost Ferkyta Tipe B Wonokromo Surabaya,surabaya,putra,wonokromo,4,1000000
Kost Bratang Gede Tipe C Wonokromo Surabaya,surabaya,campur,wonokromo,0,1700000
Kost Bratang Gede Tipe B Wonokromo Surabaya,surabaya,campur,wonokromo,2,1500000
Kost Putri Bratang Wonokromo Surabaya,surabaya,putri,wonokromo,0,475000
Kost Bratang Wonokromo Surabaya,surabaya,putri,wonokromo,2,550000
Kost Mi Casa Wonokromo Surabaya,surabaya,putra,wonokromo,4,1000000
Kost Sidik Ngagel Tirto III Wonokromo Surabaya,surabaya,putra,wonokromo,6,612000
Kost Jl Ngagel Tirto III Wonokromo Surabaya,surabaya,putra,wonokromo,4,511000
Kost Bratang Gede 129 Wonokromo Surabaya,surabaya,campur,wonokromo,4,1800000
Kost Djadjang Tipe B Wonokromo Surabaya,surabaya,campur,wonokromo,2,850000
Kost Djadjang Tipe A Wonokromo Surabaya,surabaya,campur,wonokromo,4,1350000
Kost Bratang 1F Tipe A Wonokromo Surabaya,surabaya,putri,wonokromo,2,500000
Kost Bratang 1F Tipe C Wonokromo Surabaya,surabaya,putri,wonokromo,2,500000
Kost Bu Slamet Wonokromo Surabaya,surabaya,campur,wonokromo,0,600000
Kost Pucang Syariah Residence Gubeng Surabaya,surabaya,campur,gubeng,6,1800000
Kost Erga De A Yani Resident Gayungan Surabaya,surabaya,campur,gayungan,6,2750000
Kost Griya Dbl Gayungan Surabaya,surabaya,campur,gayungan,6,3200000
Kost Tamansari Papilio Gayungan Surabaya,surabaya,campur,gayungan,2,3200000
Kost Kirei Executive Juanda Sedati Sidoarjo,surabaya,campur,sedati,6,1000000
Kost Gm Juanda Waru Siodarjo,surabaya,campur,waru,6,1100000
Kost Rumah Krisna Dekat Juanda Waru Sidoarjo,surabaya,putra,waru,6,650000
Kost Gede Sedati Sidoarjo,surabaya,campur,sedati,2,399999
Kost Gede Tipe A Sedati Sidoarjo,surabaya,campur,sedati,4,699999
Kost Mumtaz Sedati Sidoarjo,surabaya,campur,sedati,4,1200000
Kost Mbah Yaroh 07 Sedati Sidoarjo,surabaya,campur,sedati,4,1100000
Kost Kinasih Atiga Waru Sidoarjo,surabaya,campur,waru,0,400000
Kost Juanda Sedati Sidoarjo,surabaya,campur,sedati,6,3900000
Kost Perumahan Gate Garden Juanda Sedati Sidoarjo,surabaya,campur,sedati,4,1200000
Kost  Eksekutif Pepe Duta Amnan Sedati Sidoarjo,surabaya,campur,sedati,4,950000
Kost Oasis Sedati Sidoarjo,surabaya,putri,sedati,2,650000
Kost Omah 1 Waru Sidoarjo,surabaya,putra,waru,4,500000
Kost Kinasih Waru Sidoarjo,surabaya,campur,waru,2,400000
Kost Bandara Juanda Sedati Gede Sidoarjo,surabaya,campur,sedati,4,600000
Kost Davina 2 Tipe B Sedati Sidoarjo,surabaya,campur,sedati,6,900000
Kost Davina 2 Tipe A Sedati Sidoarjo,surabaya,campur,sedati,6,750000
Kost Bu Agustina Sedati Sidoarjo,surabaya,putri,sedati,4,1500000
Kost Griya Asri Tipe A Waru Sidoarjo,surabaya,campur,waru,6,1000000
Kost Kembang Sepatu 32 Tipe B Senen Jakarta Pusat,jakarta,campur,senen,0,800000
Kost Cha Cha Senen Jakarta Pusat,jakarta,putri,senen,4,1700000
Kost Qiwagi Kemayoran Jakarta Pusat,jakarta,campur,kemayoran,2,1600000
Kost GMT Kemayoran Jakarta Pusat,jakarta,campur,kemayoran,2,650000
Kost Anton Kenari Senen Jakarta Pusat,jakarta,putri,senen,2,750000
Kost Gembong Residence 2 Kemayoran Jakarta Pusat,jakarta,campur,kemayoran,2,900000
Kost Cikini Menteng Gondangdia Menteng Jakarta Pusat,jakarta,campur,menteng,6,1000000
Kost Kalibaru Timur 5 Tipe B Senen Jakarta Pusat,jakarta,putri,senen,2,1250000
Kost Opung Tipe B Menteng Jakarta Pusat,jakarta,campur,menteng,6,1800000
Kost Hj Menteng Jakarta Pusat,jakarta,putri,menteng,4,1400000
Kost Probolinggo Residence Tipe A  Menteng Jakarta Pusat,jakarta,putri,menteng,6,1999000
Kost G20 Tipe B Kemayoran Jakarta Pusat,jakarta,campur,kemayoran,4,1800000
Kost G20 Tipe A Kemayoran Jakarta Pusat,jakarta,campur,kemayoran,4,1600000
Kost Ketapang 127 Tipe A Kemayoran Jakarta Pusat,jakarta,campur,kemayoran,4,900000
Kost Rawa Kepa Grogol Petamburan Jakarta Barat,jakarta,campur,grogol petamburan,6,1200000
Kost Melsa House Menteng Jakarta Pusat,jakarta,putri,menteng,6,1750000
Kost Jaya Residence Palmerah Jakarta Barat,jakarta,campur,palmerah,6,1800000
Kost Belida Benhil Tipe B Tanah Abang Jakarta Pusat,jakarta,putra,tanah abang,4,1800000
Legreen Suite Setiabudi Jakarta Selatan,jakarta,campur,setiabudi,6,4000000
Kost Damai Sejahtera Tipe A Tanah Abang Jakarta Pusat,jakarta,campur,tanah abang,2,1125000
Kost Damai Sejahtera Tipe B Tanah Abang Jakarta Pusat,jakarta,campur,tanah abang,2,1215000
Kost Damai Sejahtera Tipe D Tanah Abang Jakarta Pusat,jakarta,campur,tanah abang,0,1980000
Kost Damai Sejahtera Tipe C Tanah Abang Jakarta Pusat,jakarta,campur,tanah abang,4,1800000
Kost Tomang Utara 2/190G Grogol Petamburan Jakarta Barat,jakarta,putri,grogol petamburan,4,1100000
Kost Sultan Agung 26 Tipe A Jakarta Selatan,jakarta,campur,setiabudi,6,2500000
Kost Sandio Pejompongan Tanah Abang Jakarta Pusat,jakarta,campur,tanah abang,4,2250000
Kost Benhil Tanah Abang Jakarta Pusat,jakarta,putri,tanah abang,6,2800000
[FLEXI] Kost Singgahsini Fatmawati Residence Tipe A Cilandak Jakarta Selatan,jakarta,campur,cilandak,6,1904000
[FLEXI] Kost Singgahsini Fatmawati Residence Tipe F Cilandak Jakarta Selatan,jakarta,campur,cilandak,6,1702500
[FLEXI] Kost Singgahsini Cozee Home Tipe A Cilandak Jakarta Selatan,jakarta,putri,cilandak,6,2350000
[FLEXI] Kost Singgahsini Cozee Home Tipe B Cilandak Jakarta Selatan,jakarta,putri,cilandak,6,2250000
[FLEXI] Kost Singgahsini Cipete Tipe C Jakarta Selatan,jakarta,campur,kebayoran baru,6,3629000
[FLEXI] Kost Singgahsini Lebak Bulus Cilandak Jakarta Selatan,jakarta,campur,cilandak,6,2204000
[FLEXI] Kost Singgahsini Cipete Tipe B Jakarta Selatan,jakarta,campur,kebayoran baru,6,4020000
[FLEXI] Kost Singgahsini Haji Nawi Tipe A Cilandak Jakarta Selatan,jakarta,campur,kebayoran baru,6,3420000
[FLEXI] Kost Singgahsini House of Marsya Cilandak Jakarta Selatan,jakarta,campur,cilandak,6,3350000
[FLEXI] Kost Singgahsini Fatmawati Residence Tipe B Cilandak Jakarta Selatan,jakarta,campur,cilandak,6,2370000
[FLEXI] Kost Singgahsini Fatmawati Residence Tipe C Cilandak Jakarta Selatan,jakarta,campur,cilandak,6,2370000
[FLEXI] Kost Singgahsini Fatmawati Residence Tipe D Cilandak Jakarta Selatan,jakarta,campur,cilandak,6,2470000
Kost Rumah Kamang Residence Tipe Studio Ragunan Pasar Minggu Jakarta Selatan GF,jakarta,campur,pasar minggu,6,3850000
Kost Ragunan Residence Tipe Eksklusif Pasar Minggu Jakarta Selatan GF,jakarta,campur,pasar minggu,6,2254000
Kost Ragunan Residence Tipe Studio Pasar Minggu Jakarta Selatan GF,jakarta,campur,pasar minggu,6,3000000
Kost Ragunan Residence Tipe VIP Pasar Minggu Jakarta Selatan,jakarta,campur,pasar minggu,6,2750000
Kost Nugra House Karet Setiabudi Jakarta Selatan,jakarta,campur,setiabudi,6,4000000
Kost Tranches Karet Kuningan Setiabudi Jakarta Selatan,jakarta,campur,setiabudi,6,2500000
Kost 3tranches Setiabudi Jakarta Selatan,jakarta,campur,setiabudi,6,2500000
Kost Karet Setia Budi Jakarta Selatan,jakarta,putri,setiabudi,6,1700000
Kosan Bu Eni Karet Setia Budi,jakarta,putra,setiabudi,4,1100000
Kost Yosi Perdana Tipe C Setiabudi Jakarta Selatan,jakarta,putra,setiabudi,4,1300000
Kost Yosi Perdana Tipe A Setiabudi Jakarta Selatan,jakarta,campur,setiabudi,0,1000000
Kost Yosi Perdana Tipe B Setiabudi Jakarta Selatan,jakarta,campur,setiabudi,0,1000000
Kost Edward Residence Grogol petamburan Jakarta Barat,jakarta,campur,grogol petamburan,6,1700000
Kost 611 Tipe B Tanah Abang Jakarta Pusat,jakarta,campur,tanah abang,4,950000
Kost 611 Tipe A Tanah Abang Jakarta Pusat,jakarta,campur,tanah abang,4,1200000
Kost Gedong Lima Grogol Petamburan Jakarta Barat,jakarta,putra,grogol petamburan,6,1400000
Kost Sabang Tipe D Menteng Jakarta Pusat,jakarta,putri,menteng,4,2100000
Kost Sabang 40 Tipe F Menteng Jakarta Pusat,jakarta,putri,menteng,2,1800000
Kost Kosera Grogol Petamburan Jakarta Barat,jakarta,campur,grogol petamburan,4,1200000
Kost Untar Grogol Petamburan Jakarta Barat,jakarta,campur,grogol petamburan,4,1600000
Kost Seruni Residences Grogol Petamburan Jakarta Barat,jakarta,putri,grogol petamburan,6,1700000
Kost Nalabarca House Tipe A Grogol Petamburan Jakarta Barat,jakarta,campur,grogol petamburan,4,1500000
Kost Jelambar Selatan Tipe E Grogol Petamburan Jakarta Barat,jakarta,campur,grogol petamburan,4,850000
Kost Rawa Kepa Tipe A Grogol Petamburan Jakarta Barat,jakarta,campur,grogol petamburan,6,1300000
Kost Kota Glodok Hayam Wuruk Gajah Mada Jembatan Lima Tipe A Tambora Jakarta Barat,jakarta,campur,tambora,4,750000
Kost Kota Glodok Hayam Wuruk Gajah Mada Jembatan Lima Tipe B Tambora Jakarta Barat,jakarta,campur,tambora,6,1050000
Kost Kota Glodok Hayam Wuruk Tipe C Tambora Jakarta Barat,jakarta,campur,tambora,4,1000000
Kost Kota Glodok Hayam Wuruk Gajah Mada Jembatan Lima Tipe D Tambora Jakarta Barat,jakarta,campur,tambora,6,1350000
Kost Kota Glodok Hayam Wuruk Gajah Mada Jembatan Lima Tipe E Tambora Jakarta Barat,jakarta,campur,tambora,6,1500000
Kost Jelambar Selatan 2/B2a Tipe B Grogol Petamburan Jakarta Barat,jakarta,campur,grogol petamburan,4,900000
Kost Jelambar Selatan 2/B2a Tipe A Grogol Petamburan Jakarta Barat,jakarta,campur,grogol petamburan,4,800000
Kost Teras BSD Serpong Tangerang Selatan,jakarta,campur,serpong,4,2300000
Kost Paviliun Rumah Rawabuntu Serpong Tangerang Selatan,jakarta,campur,serpong,4,1200000
Kost Orchid House Serpong Tangerang Selatan,jakarta,campur,serpong,6,1400000
Kost Sakura House BSD Serpong Tangerang Selatan,jakarta,putri,serpong,2,750000
Kost Muslimah Griya Aisyah Serpong Tangerang Selatan,jakarta,putri,serpong,4,1450000
Kost Muslimah Uni Tipe B Serpong Tangerang Selatan,jakarta,putri,serpong,4,1600000
Kost Muslimah Uni Tipe A Serpong Tangerang Selatan,jakarta,putri,serpong,6,1800000
Kost Rawa Buntu Bsd Tangerang Selatan,jakarta,campur,serpong,0,1700000
Kost Oma Evi Rawabuntu Serpong Tangerang Selatan,jakarta,putri,serpong,6,1300000
Kost DoubleR Anggrek Loka Serpong Tangerang Selatan,jakarta,putra,serpong,4,1400000
Kost Rumah Mandiri BSD Tangerang,jakarta,putri,serpong,0,700000
Kost Apple Serpong Tangerang Selatan,jakarta,campur,serpong,2,1000000
Kost Homestay Pak Gatot Duren Sawit Jakarta Timur,jakarta,campur,duren sawit,2,700000
Kost Family Tipe A Duren Sawit Jakarta Timur,jakarta,campur,duren sawit,6,2000000
Kost Swadaya Raya Type A Duren Sawit Jakarta Timur,jakarta,campur,duren sawit,4,1300000
Kost Zakaria Duren Sawit Jakarta Timur,jakarta,campur,duren sawit,2,1800000
Kost Pondok Permai Tipe B Duren Sawit Jakarta Timur,jakarta,campur,duren sawit,4,1400000
DEKOST MANAGEMENT Type A Malaka Sari Jakarta Timur,jakarta,putri,duren sawit,4,800000
Kost Simatupang Duren Sawit Jakarta Timur,jakarta,campur,duren sawit,4,1400000
Kost Exclusive Kalimalang Tipe D Pondok Kelapa Jakarta Timur,jakarta,campur,duren sawit,4,1600000
Kost Gading Elok Residence II Tipe Single Bed Kelapa Gading Jakarta Utara,jakarta,campur,kelapa gading,6,2100000
Kost Gading Elok Residence II Tipe Queen Bed Kelapa Gading Jakarta Utara,jakarta,campur,kelapa gading,6,2800000
Kost Murah Jl Kelapa Puan Tipe B Kelapa Gading Jakarta Utara,jakarta,campur,kelapa gading,4,700000
Kost Putri Kelapa Gading Ibu Elis Jakarta Utara,jakarta,putri,kelapa gading,4,2100000
Kost Eksekutif Boulevard Kelapa Gading Jakarta Utara,jakarta,campur,kelapa gading,6,3500000
Kost Putri Amor Tipe B Kelapa Gading Jakarta Utara,jakarta,putri,kelapa gading,2,700000
Kost Putri Amor Tipe A Kelapa Gading Jakarta Utara,jakarta,putri,kelapa gading,2,700000
Kost Jl Kelapa Puan Tipe C  Kelapa Gading Jakarta Utara,jakarta,campur,kelapa gading,4,950000
Kost Jl Kelapa Puan Tipe A Kelapa Gading Jakarta Utara,jakarta,campur,kelapa gading,4,800000
Kost Gading Elok Cengkir Tipe B Kelapa Gading Jakarta Utara,jakarta,campur,kelapa gading,0,1200000
Kost Gading Elok Cengkir Tipe A Kelapa Gading Jakarta Utara,jakarta,campur,kelapa gading,4,1500000
Kost Zam Zam Life  Kelapa Gading Jakarta Utara,jakarta,campur,kelapa gading,4,2000000
Kost Griya Flamboyan Kelapa Gading Jakarta Utara,jakarta,campur,kelapa gading,6,2250000
Kost Fantasy Kelapa Gading Jakarta Utara,jakarta,putri,kelapa gading,4,1400000
Kost Flamboyan Kelapa Gading Jakarta Utara,jakarta,campur,kelapa gading,6,2250000
Kost Puri Nias Tipe B Kelapa Gading Jakarta Utara,jakarta,campur,kelapa gading,6,2700000
Kost Harpa Place Tipe B Kelapa Gading Jakarta Utara,jakarta,campur,kelapa gading,6,2200000
Kost Harpa Place Tipe A Kelapa Gading Jakarta Utara,jakarta,campur,kelapa gading,6,2400000
Kost Anaia Tanah Abang Jakarta Pusat,jakarta,putra,tanah abang,6,1700000
Kost Izhar Studio Seibu Mansion Setiabudi Jakarta Selatan,jakarta,campur,setiabudi,4,2500000
Kost Izhar Tanah Abang Jakarta Pusat,jakarta,putri,tanah abang,4,1300000
Kost Putri Palmerah Jakarta Barat,jakarta,putri,palmerah,2,1600000
Kost Jl Administrasi Tanah Abang Jakarta Pusat,jakarta,campur,tanah abang,4,2500000
Kost Cindy Setiabudi Jakarta Selatan,jakarta,campur,setiabudi,0,850000
Kost Ibu Eddy Slipi Palmerah Jakarta Barat,jakarta,putra,palmerah,0,500000
Kost Wisma Pendawa Lima 2 Palmerah Jakarta Barat,jakarta,campur,palmerah,6,1815000
Kost HOC Tanah Abang Jakarta Pusat,jakarta,campur,tanah abang,4,3500000
Kost Ratim Tipe B Setiabudi Jakarta Selatan,jakarta,putri,setiabudi,2,1500000
Kost Ratim Tipe A Setiabudi Jakarta Selatan,jakarta,putri,setiabudi,0,1700000
Kost Jl Administrasi Negara Tipe B Pejompongan Jakarta Pusat,jakarta,campur,tanah abang,4,2750000
Kost Henky Karet Jakarta Pusat,jakarta,putra,tanah abang,0,750000
Kost Haryo Kebayoran Baru Jakarta Selatan,jakarta,campur,kebayoran baru,2,1200000
Kost Anggrek Setiabudi Jakarta Selatan,jakarta,putri,setiabudi,4,1600000
Kost OK Setiabudi Jakarta Selatan,jakarta,campur,setiabudi,2,1025000
Kost Slipi Tipe A Palmerah Jakarta Barat,jakarta,putri,palmerah,4,1600000
Kost Gading Greenhill Kelapa Gading Jakarta Utara,jakarta,campur,kelapa gading,6,2050000
Kost Griya Damar Tipe A Pancoran Jakarta Selatan,jakarta,putra,pancoran,4,730000
Kost Lorenda Tebet Jakarta Selatan,jakarta,campur,tebet,6,1500000
Kost Tirta Cassablanca Tipe A Setiabudi Jakarta Selatan,jakarta,campur,setiabudi,2,1250000
Kost Rumah Pengadegan Pancoran Jakarta Selatan,jakarta,campur,pancoran,6,1500000
Kost Griya Hijau Kebon Baru Tebet Jakarta Selatan,jakarta,putra,tebet,4,1800000
Kost SyailendraTipe B Tebet Jakarta Selatan,jakarta,campur,tebet,6,2700000
Kost Syailendra Tebet Jakarta Selatan,jakarta,campur,tebet,6,3700000
Kost 88 Group Pancoran Jakarta Selatan,jakarta,campur,pancoran,6,1800000
Kost 88 Group Tipe A Pancoran Jakarta Selatan,jakarta,campur,pancoran,6,1800000
Kost Guest House Grita Tebet Jakarta Selatan,jakarta,campur,tebet,6,1900000
Kost Tirta Cassablanca Tipe B Setiabudi Jakarta Selatan,jakarta,campur,setiabudi,6,1800000
Kost D&G Home Tipe B Pancoran Jakarta Selatan,jakarta,campur,pancoran,6,2500000
Kost D&G Home Tipe C Pancoran Jakarta Selatan,jakarta,campur,pancoran,6,3000000
Kost Griya Damar Tipe B Pancoran Jakarta Selatan,jakarta,putra,pancoran,4,913000
[FLEXI] Kost Singgahsini MnV Co-Living Tipe B Bendungan Hilir Jakarta Pusat,jakarta,campur,tanah abang,6,2491000
[FLEXI] Kost Singgahsini Homey Hompy Tipe A Tebet Jakarta Selatan,jakarta,putri,tebet,6,2790000
[FLEXI] Kost Singgahsini Lontar Tipe A Setiabudi Jakarta Selatan,jakarta,putri,setiabudi,6,2462800
[FLEXI] Kost Singgahsini MnV Co-Living Tipe A Bendungan Hilir Jakarta Pusat,jakarta,campur,tanah abang,6,2204000
[FLEXI] Kost Singgahsini Wisma KS23 Tipe A Setiabudi Jakarta Selatan,jakarta,campur,setiabudi,6,1953600
[FLEXI] Kost Singgahsini East 37 Tipe C Tebet Timur Jakarta Selatan,jakarta,putra,tebet,6,2167000
[FLEXI] Kost Singgahsini Lontar Tipe B Setiabudi Jakarta Selatan,jakarta,putri,setiabudi,6,2420000
[FLEXI] Kost Singgahsini Homey Hompy Tipe B Tebet Jakarta Selatan,jakarta,putri,tebet,6,2700000
[FLEXI] Kost Singgahsini East 37 Tipe D Tebet Timur Jakarta Selatan,jakarta,campur,tebet,6,2538000
[FLEXI] Kost Singgahsini Tanah Abang Tipe C Jakarta Pusat,jakarta,putri,tanah abang,6,1520000
[FLEXI] Kost Singgahsini Casa Palem Tipe A Bendungan Hilir Jakarta Pusat,jakarta,campur,tanah abang,6,1728000
[FLEXI] Kost Singgahsini Dian Setiabudi Tipe B Jakarta Selatan,jakarta,campur,setiabudi,6,2120000
[FLEXI] Kost Singgahsini Dian Setiabudi Tipe C Jakarta Selatan,jakarta,campur,setiabudi,6,2220000
[FLEXI] Kost Singgahsini Wisma KS23 Tipe B Setiabudi Jakarta Selatan,jakarta,campur,setiabudi,6,2320000
[FLEXI] Kost Singgahsini East 37 Tipe A Tebet Timur Jakarta Selatan,jakarta,putra,tebet,6,1890000
[FLEXI] Kost Singgahsini East 37 Tipe B Tebet Timur Jakarta Selatan,jakarta,putra,tebet,4,2020000
Kost Rumah Kayu Manis Tipe A Tebet Jakarta Selatan GF,jakarta,campur,tebet,4,2300000
Kost Bumi Benhil Tipe A Tanah Abang Jakarta Pusat GF,jakarta,campur,tanah abang,4,3000000
Kost Benhil 7 Tipe C Tanah Abang Jakarta Pusat GF,jakarta,putra,tanah abang,2,1485000
Kost Benhil 7 Tipe A Tanah Abang Jakarta Pusat GF,jakarta,putra,tanah abang,2,1620000
[FLEXI] Kost Singgahsini Tessa Tipe B Condongcatur Yogyakarta,jogja,putri,depok,6,1850000
[FLEXI] Kost Singgahsini Tessa Tipe A Condongcatur Yogyakarta,jogja,putri,depok,6,1470000
[FLEXI] Kost Singgahsini Rien House Tipe A Condongcatur Yogyakarta,jogja,campur,depok,6,1770000
[FLEXI] Kost Singgahsini Rumah Eyang Tipe B Gejayan Yogyakarta,jogja,putri,depok,4,2180000
[FLEXI] Kost Singgahsini Rumah Eyang Tipe E Gejayan Yogyakarta,jogja,campur,depok,4,1720000
[FLEXI] Kost Singgahsini Putri Danish Gejayan Yogyakarta,jogja,putri,depok,4,970000
[FLEXI] Kost Singgahsini Rien House Tipe B Condongcatur Yogyakarta,jogja,campur,depok,6,1720000
[FLEXI] Kost Singgahsini Rien House Tipe C Condongcatur Yogyakarta,jogja,campur,depok,6,1920000
[FLEXI] Kost Singgahsini Sananta Condongcatur Yogyakarta,jogja,campur,depok,4,1420000
[FLEXI] Kost Singgahsini Gambuh Carani Condongcatur Yogyakarta,jogja,campur,depok,6,1520000
[FLEXI] Kost Singgahsini Griya Kana 2 Tipe B Maguwoharjo Yogyakarta,jogja,putri,ngemplak,4,1270000
[FLEXI] Kost Singgahsini Griya Kana 2 Tipe A Maguwoharjo Yogyakarta,jogja,putri,ngemplak,4,820000
[FLEXI] Kost Singgahsini Ratune Tipe A Seturan Yogyakarta,jogja,putri,depok,6,1320000
[FLEXI] Kost Singgahsini Jasmin Tipe B Seturan Yogyakarta,jogja,putri,depok,6,1420000
[FLEXI] Kost Singgahsini Ratune Tipe B Seturan Yogyakarta,jogja,putri,depok,6,1320000
[FLEXI] Kost Singgahsini Griya Christina Maguwoharjo Yogyakarta,jogja,putri,depok,6,1440000
[FLEXI] Kost Singgahsini Jasmin Tipe A Seturan Yogyakarta,jogja,putri,depok,6,1490000
[FLEXI] Kost Singgahsini Kemala Residence Kledokan Yogyakarta,jogja,putri,depok,6,1750000
[FLEXI] Kost Singgahsini Rahayu Tipe A1 Condongcatur Yogyakarta,jogja,putri,depok,4,920000
[FLEXI] Kost Singgahsini Rahayu Tipe A3 Condongcatur Yogyakarta,jogja,putri,depok,4,1220000
Kost Larisma Tipe B Ngemplak Sleman,jogja,putra,ngemplak,6,600000
Kost Ndalem Tentrem Tipe A Yogyakarta,jogja,putra,depok,6,1100000
Kost H.Prime Tipe A Depok Sleman,jogja,putri,depok,6,1500000
HomeStay Dejaboe Seturan Depok Sleman,jogja,campur,depok,6,4000000
Kost Dejaboe Depok Sleman,jogja,putri,depok,6,1500000
Kost E-Kost Colombo Depok Sleman Yogyakarta,jogja,putri,depok,4,1400000
Kost E-Kost Candi Gebang Yogyakarta,jogja,campur,ngemplak,6,2000000
Kost Exclusive Putri Rumah Puan Kr Gayam Depok Sleman,jogja,putri,depok,6,1550000
Kost Cc Tikala Depok Sleman,jogja,putra,depok,2,550000
Kost Solaris Depok Sleman,jogja,putri,depok,6,2200000
Kost Kolobendono Depok Sleman,jogja,putra,depok,2,550000
Kost Muslimah Seturan Yogyakarta,jogja,putri,depok,6,900000
Kost Jl. Seturan Raya Depok Sleman,jogja,putra,depok,2,670000
Kost Mama Dal Depok Sleman,jogja,putra,depok,2,450000
Kost Muslim Exclusive EL Medina Tipe C Depok Sleman,jogja,putra,depok,6,1300000
Kost Wisma Kembar Depok Sleman,jogja,putra,depok,4,750000
Kost Mp Boutique Depok Sleman Yogyakarta,jogja,putri,depok,6,2000000
Kost MP Boutique Depok Sleman,jogja,putri,depok,6,1500000
[FLEXI] Kost Singgahsini Ghea 2 Baciro Yogyakarta,jogja,putri,umbulharjo,2,1690000
[FLEXI] Kost Singgahsini Lovina Tipe A Umbulharjo Yogyakarta,jogja,putra,umbulharjo,6,1720000
[FLEXI] Kost Singgahsini Lovina Tipe B Umbulharjo Yogyakarta,jogja,putra,umbulharjo,6,1670000
[FLEXI] Kost Singgahsini Rafa Tipe B Umbulharjo Yogyakarta,jogja,putra,umbulharjo,6,1470000
Kost Emir Umbulharjo Yogyakarta,jogja,putri,umbulharjo,4,1800000
Kost Kasikost Syariah Standard Single Umbulharjo Yogyakarta,jogja,putri,umbulharjo,4,1800000
Kost Putri Islam Wisma Nugraha Tipe C Gondomanan Yogyakarta,jogja,putri,gondomanan,2,750000
Kost Saqueena Lempuyangan Yogyakarta,jogja,putri,gondokusuman,4,1600000
Kost Huda Tipe A  Umbulharjo Yogyakarta,jogja,putra,umbulharjo,4,600000
Kost Kanjeng Mami Muslimah Umbulharjo Yogyakarta,jogja,putri,umbulharjo,6,650000
Kost Griya Menukan Kamar Mandi Luar Mergangsan Yogyakarta,jogja,campur,mergangsan,6,650000
Kost Griya Lowanu Kamar Mandi Luar Mergangsan Yogyakarta,jogja,campur,umbulharjo,6,650000
Kost Omah Manis Taman Siswa Mergangsan Yogyakarta,jogja,putra,mergangsan,6,4000000
Kost Muslimah Lowanu Umbulharjo Yogyakarta,jogja,putri,umbulharjo,0,550000
Kost Muslim Sinergy Tipe J Umbulharjo Yogyakarta,jogja,putra,umbulharjo,4,900000
Kost Muslim Sinergy Tipe K Umbulharjo Yogyakarta,jogja,putra,umbulharjo,6,1200000
Kost Muslim Sinergy Tipe H Umbulharjo Yogyakarta,jogja,putri,umbulharjo,6,960000
Kost Syafa Tipe A Umbulharjo Yogyakarta,jogja,putri,umbulharjo,6,1650000
[FLEXI] Kost Singgahsini Pandega Duta Tipe A Jakal Yogyakarta,jogja,putra,depok,6,1820000
[FLEXI] Kost Singgahsini Griya Pastika D2 Tipe A Pogung Kidul Yogyakarta,jogja,putri,mlati,6,1420000
[FLEXI] Kost Singgahsini Griya Amira Tipe A Klebengan Yogyakarta,jogja,putri,depok,6,1570000
[FLEXI] Kost Singgahsini Kataji Tipe A Sinduadi Yogyakarta,jogja,putri,mlati,4,1690000
[FLEXI] Kost Singgahsini Griya Moerti Residence Pandega Padma Yogyakarta,jogja,putri,depok,6,2000000
[FLEXI] Kost Singgahsini Twin's House Pogung Lor Yogyakarta,jogja,putri,mlati,2,720000
[FLEXI] Kost Singgahsini Griya Amira Tipe B Klebengan Yogyakarta,jogja,putri,depok,6,1670000
[FLEXI] Kost Singgahsini Griya Moerti Balcony Pandega Padma Yogyakarta,jogja,putri,depok,6,1870000
[FLEXI] Kost Singgahsini Kataji Tipe B Sinduadi Yogyakarta,jogja,putri,mlati,4,1890000
[FLEXI] Kost Singgahsini Griya Moerti Tipe B Pandega Padma Yogyakarta,jogja,putri,depok,6,2120000
Kost E-Kost Nandan Tipe A Monjali Sleman GF,jogja,campur,ngaglik,4,1500000
Kost Nurdiono House Jakal Dekat UGM Tipe A  Condongcatur Depok Sleman Yogyakarta GF,jogja,putra,depok,4,1850000
Kost Nurdiono House Jakal Dekat UGM Tipe B Condongcatur Depok Sleman Yogyakarta GF,jogja,putra,depok,4,1950000
Kost Nurdiono House Jakal Dekat UGM Tipe C Condongcatur Depok Sleman Yogyakarta GF,jogja,putra,depok,4,2000000
Kost Griya Milenia 5B Deluxe Room Single Caturtunggal Depok Sleman Yogyakarta,jogja,putri,depok,6,2350000
Kost Griya Milenia Pogung 5A Caturtunggal Depok Sleman Yogyakarta,jogja,putri,depok,6,1950000
Kost Griya Milenia Pogung Lor Room non AC Mlati Sleman Yogyakarta,jogja,putri,mlati,6,950000
Kost Rooftop Griya Rindika Tipe B Mlati Sleman Yogyakarta,jogja,putri,mlati,4,1800000
Kost Griya Rindika Tipe A Mlati Sleman Yogyakarta,jogja,putri,mlati,4,1600000
Kost Rooftop Griya Rindika Mezzanine Tipe C Mlati Sleman Yogyakarta,jogja,putri,mlati,4,2400000
[FLEXI] Kost Singgahsini Algohome Tipe Reguler Kledokan Yogyakarta,jogja,putri,depok,4,1220000
[FLEXI] Kost Singgahsini Bae Residence Tipe A Jakal Yogyakarta,jogja,putra,depok,6,1600000
[FLEXI] Kost Singgahsini Dinda Tipe B Seturan Yogyakarta,jogja,putri,depok,6,1320000
[FLEXI] Kost Singgahsini Fans Room Kayuringin Jaya Bekasi Selatan,jogja,putri,bekasi selatan,6,1780000
[FLEXI] Kost Singgahsini Puri Husvita Tipe A Kayuringin Jaya Bekasi Selatan,jogja,putri,bekasi selatan,6,1846000
[FLEXI] Kost Griya Raphaby Tipe A Kayuringin Jaya Bekasi Selatan,jogja,putra,bekasi selatan,4,1020000
[FLEXI] Kost Griya Raphaby Tipe B Kayuringin Jaya Bekasi Selatan,jogja,putra,bekasi selatan,6,1220000
Kost Harapan Baru Regency Bekasi Selatan,jogja,putri,bekasi selatan,6,1600000
Kost De Miracle Tipe D Bekasi Selatan,jogja,putri,bekasi selatan,6,1600000
Kost De Miracle Inthecost Tipe B Bekasi Selatan,jogja,putri,bekasi selatan,6,1400000
Kost Chintia Janson Grogol Petamburan Jakarta Barat,jogja,putri,grogol petamburan,6,1650000
Kost Griya Vindo Depok Sleman,jogja,putri,depok,4,2000000
Kost Gaelio Tipe Standard BSD Anggrek Loka Tangerang Selatan,jogja,putri,serpong,4,1900000
Kost Flamboyan Kelapa Gading Jakarta Utara,jogja,campur,kelapa gading,6,2250000
Kost Cherry Guesthouse Trisakti Grogol Petamburan Jakarta Barat,jogja,putri,grogol petamburan,6,1800000
Kost Sumber Rejeki 28 Menteng Jakarta Pusat,jogja,campur,menteng,6,2000000
[FLEXI] Kost Singgahsini Fatmawati Residence Tipe A Cilandak Jakarta Selatan,jogja,campur,cilandak,6,2720000
[FLEXI] Kost Singgahsini Fatmawati Residence Tipe F Cilandak Jakarta Selatan,jogja,campur,cilandak,6,2270000
[FLEXI] Kost Singgahsini Gelong Residence 25 Tipe A Grogol Petamburan Jakarta Barat,jogja,campur,grogol petamburan,6,2268000
[FLEXI] Kost Singgahsini MnV Co-Living Tipe B Bendungan Hilir Jakarta Pusat,jogja,campur,tanah abang,6,2650000
[FLEXI] Kost Singgahsini Gelong Residence 27 Tipe A Grogol Petamburan Jakarta Barat,jogja,campur,grogol petamburan,6,2520000
[FLEXI] Kost Singgahsini Cozee Home Tipe A Cilandak Jakarta Selatan,jogja,putri,cilandak,6,2500000
[FLEXI] Kost Singgahsini Cozee Home Tipe B Cilandak Jakarta Selatan,jogja,putri,cilandak,6,2250000
[FLEXI] Kost Singgahsini Putri Maoni Tipe A Gejayan Yogyakarta,jogja,putri,depok,6,1520000
[FLEXI] Kost Singgahsini Humairah Jatinangor Sumedang,jogja,putri,jatinangor,4,1000000
[FLEXI] Kost Singgahsini Griyashanta M334-335 Tipe A Lowokwaru Malang,jogja,putri,lowokwaru,4,1320000
Kost Griya Alsis Tipe B Yogyakarta,jogja,campur,depok,6,2700000
Kost Eksklusif Keysha Sleman Yogyakarta,jogja,putri,depok,6,1300000
Kost Pak Seno Tipe A Depok Sleman,jogja,putri,depok,2,800000
Kost Pak Seno Tipe B Depok Sleman,jogja,putri,depok,2,1000000
Kost Savitri Tipe B Depok Sleman,jogja,putri,depok,6,1250000
Kost Pringgodani Stay Sleman Yogyakarta,jogja,putri,depok,6,1750000
Kost Bima Depok Sleman,jogja,putra,depok,4,900000
Kost Dwi Mulya Tipe B Depok Sleman,jogja,putri,depok,4,500000
Kost Garuni Kledokan Depok Sleman,jogja,putra,depok,2,450000
Kost Ijo 6 Depok Sleman,jogja,putra,depok,2,750000
Kost Rizqika Depok Sleman,jogja,putri,depok,2,750000
Kost Bakso Ndu Tipe A Depok Sleman,jogja,putra,depok,2,450000
Kost Almaira Depok Sleman,jogja,putri,depok,4,750000
Kost Almira House Tipe B Depok Sleman,jogja,putri,depok,6,1750000
Kost Almira House Tipe D Depok Sleman,jogja,putri,depok,6,2000000
Kost Ibu Dhani Yogyakarta,jogja,putra,depok,2,900000
Kost Santan Gang Depok Sleman,jogja,putra,depok,4,400000
Kost Muslim Pak Heru Depok Sleman,jogja,putra,depok,2,550000
Kost Putri Omah Bumidjo Tipe A Jetis Yogyakarta,jogja,putri,jetis,2,750000
Kost Fadil Tipe B Jetis Yogyakarta,jogja,putra,jetis,4,1000000
Kost Fadil Tipe A Jetis Yogyakarta,jogja,putra,jetis,2,700000
Kost Danurejan Yogyakarta,jogja,campur,danurejan,6,4500000
Kost Beskalan Gondomanan Yogyakarta,jogja,campur,gondomanan,6,4500000
Kost Jl Reksobayan Gondomanan Yogyakarta,jogja,campur,gondomanan,4,600000
Kost Fariz 2 Notoyudan Gedong Tengen Yogyakarta,jogja,putra,gedong tengen,2,400000
Kost Rumah Sahabat Jetis Yogyakarta,jogja,putri,jetis,6,1750000
Kost Malioboro Kemuning  Gedong Tengen Yogyakarta,jogja,campur,gedong tengen,4,600000
Kost Malioboro Cendana Gedong Tengen Yogyakarta,jogja,campur,gedong tengen,4,600000
Kost Ashera Jetis Yogyakarta,jogja,putri,jetis,4,650000
Kost Rene Gowongan Jetis Yogyakarta,jogja,campur,jetis,4,1900000
Kost Radyoharto Gedong Tengen Yogyakarta,jogja,campur,gedong tengen,6,2500000
Kost Orchard Guesthouse Gedong Tengen Yogyakarta,jogja,putra,gedong tengen,6,1500000
Kost White House Depok Sleman,jogja,putra,danurejan,2,450000
Paviliun Pak Oki Tipe C Gedongtengen Yogyakarta,jogja,campur,gedong tengen,4,4000000
Paviliun Pak Oki Tipe B Gedongtengen Yogyakarta,jogja,campur,gedong tengen,4,3500000
Paviliun Pak Oki Tipe A Gedongtengen Yogyakarta,jogja,campur,gedong tengen,4,3200000
Kost Pak Oki Tipe B Gedongtengen Yogyakarta,jogja,campur,gedong tengen,2,1300000
Kost Pak Oki Tipe A Gedongtengen Yogyakarta,jogja,campur,gedong tengen,2,1200000
Wisma Bu Yanti Tipe A Danurejan Yogyakarta,jogja,campur,danurejan,2,750000
Wisma Bu Yanti Tipe B Danurejan Yogyakarta,jogja,campur,danurejan,4,1750000
Wisma Bu Yanti Tipe C Danurejan Yogyakarta,jogja,campur,danurejan,4,2350000
Kost Rakhmatullah Tipe D Gondokusuman Yogyakarta,jogja,campur,gondokusuman,4,1100000
Kost Rakhmatullah Tipe E Gondokusuman Yogyakarta,jogja,campur,gondokusuman,4,1700000
Kost Rakhmatullah Tipe F Gondokusuman Yogyakarta,jogja,campur,gondokusuman,4,1700000
Kost Rakhmatullah Tipe A  Gondokusuman Yogyakarta,jogja,campur,gondokusuman,2,750000
Kost Rumah Mahyra Gedong Tengen Yogyakarta,jogja,campur,gedong tengen,6,2000000
Kost Homestay Syariah Griya Mubarok Gondomanan Yogyakarta,jogja,putri,gondomanan,4,750000
Kost Bintang Kemuning Tipe B Danurejan Yogyakarta,jogja,putri,danurejan,0,800000
Kost Putri Gowongan Kidul Jt 3 411 Jetis Yogyakarta,jogja,putri,jetis,0,650000
Kost Putri Amanah II Type 1 Danurejan Yogyakarta,jogja,putri,danurejan,6,1800000
Kost Putri Amanah Danurejan Yogyakarta,jogja,putri,danurejan,6,1600000
Kost Putri Amanah II Type 2 Danurejan Yogyakarta,jogja,putri,danurejan,6,2000000
Kost Putri Amanah II Type 4 Danurejan Yogyakarta,jogja,putri,danurejan,6,2300000
Kost Rumah Muslimah Dzakiya Danurejan Yogyakarta,jogja,putri,danurejan,4,1200000
Kost Muslimah Nuli Jetis Yogyakarta,jogja,putri,jetis,4,700000
Kost Velriyo Tipe A Danurejan Yogyakarta,jogja,putra,danurejan,2,300000
Kost Velriyo Tipe C Danurejan Yogyakarta,jogja,putra,danurejan,2,400000
Kost Velriyo Tipe D Danurejan Yogyakartw,jogja,putra,danurejan,2,600000
Kost Muslimah Griya Izzana Jetis Yogyakarta,jogja,putri,jetis,2,500000
Kost Rumah Bumijo Yogyakarta,jogja,putra,jetis,2,700000
Kost Griya Kelana Pakualaman Yogyakarta,jogja,putri,pakualaman,4,650000
Kost Melow Danurejan Yogyakarta,jogja,campur,danurejan,4,600000
Kost Malioboro Gedong Tengen Yogyakarta,jogja,campur,gedong tengen,4,1500000
Kost Laras Hati Malioboro Danurejan Yogyakarta,jogja,campur,danurejan,0,4500000
Kost Solimah Ngampilan Yogyakarta,jogja,putri,ngampilan,4,400000
Kost Nabilla Naifa Jetis Yogyakarta,jogja,putri,jetis,0,450000
Kost Omah Sumur Gondomanan Yogyakarta,jogja,campur,danurejan,2,3000000
Kost Azka Putri Muslimah Jetis Yogyakarta,jogja,putri,jetis,2,450000
Kost Bu Widi JetisYogyakarta,jogja,putri,jetis,4,700000
Kost Putri JH Gondokusuman Yogyakarta,jogja,putri,gondokusuman,2,750000
Kost Bahagia Tipe C Danurejan Yogyakarta,jogja,putri,danurejan,2,475000
Kost Ibu Ermis Danurejan Yogyakarta,jogja,putri,danurejan,0,750000
Kost Pak Amri Gondomanan Yogyakarta,jogja,putra,gondomanan,4,500000
Kost Ibu Suhartini Jetis Yogyakarta,jogja,campur,jetis,0,500000
Kost Campur Stasiun Tugu Gedong Tengen Yogyakarta,jogja,campur,gedong tengen,6,3000000
Kost Omah Qu Danurajen Yogyakarta,jogja,campur,danurejan,6,3250000
Kost Mas Krisna Gondokusuman Yogyakarta,jogja,putra,gondokusuman,4,450000
Kost Executive Residence Tugu Gedong Tengen Yogyakarta,jogja,campur,gedong tengen,6,2250000
Kost Lempuyangan Tipe B Danurejan Kota Yogyakarta,jogja,putra,danurejan,2,500000
Kost  Putri Azka Jetis Yogyakarta,jogja,putri,jetis,0,600000
Kost Manis Tipe C Gedong Tengen Yogyakarta,jogja,campur,gedong tengen,2,1000000
Kost Paviliun Pak Oki  Gedong Tengen Yogyakarta,jogja,campur,gedong tengen,2,3500000
Kost Ibu Prayit Ngampilan Yogyakarta,jogja,putri,ngampilan,2,500000
Kost Ibu Anik Tipe D Ngampilan Yogyakarta,jogja,putra,ngampilan,2,550000
Kost Ibu Anik Tipe B Ngampilan Yogyakarta,jogja,putra,ngampilan,2,450000
Kost Ibu Anik Tipe C Ngampilan Yogyakarta,jogja,putra,ngampilan,2,525000
Kost Ibu Anik Tipe A Ngampilan Yogyakarta,jogja,putra,ngampilan,2,350000
Kost Putri Pak Aris Gowongan Yogyakarta,jogja,putri,jetis,0,450000
Kost Griya Tulip Malioboro Gedong Tengen Yogyakarta,jogja,campur,gedong tengen,2,1600000
Kost Annida Kotabaru Yogyakarta,jogja,putra,gondokusuman,6,2000000
Kost Jl. KH. Ahmad Dahlan 25 Gondomanan Yogyakarta,jogja,campur,gondomanan,6,3300000
Kost Jl Mataram 8 Danurejan Yogyakarta,jogja,campur,danurejan,6,3300000
Kost Jl Mataram Pakualaman Yogyakarta,jogja,campur,pakualaman,6,3300000
Kost Jl Pringgokusuman  Gedong Tengen Yogyakarta,jogja,campur,gedong tengen,6,3300000
Kost Putri Omah Bumidjo Tipe D Jetis Yogyakarta,jogja,putri,jetis,4,600000
Kost Putri Omah Bumidjo Tipe C Jetis Yogyakarta,jogja,putri,jetis,4,600000
Kost Putri Omah Bumidjo Tipe B Jetis Yogyakarta,jogja,putri,jetis,4,700000
Kost Pondokan Dian  Ngampilan Yogyakarta,jogja,campur,gondomanan,6,2500000
Kost Boby Jetis Yogyakarta,jogja,putra,jetis,2,400000
Kost Ashera Tipe B Jetis Yogyakarta,jogja,putri,jetis,4,650000
Kost Rene Jetis Yogyakarta,jogja,campur,jetis,6,2900000
Kost Gowongan Gedong Tengen Yogyakarta,jogja,campur,gedong tengen,6,1800000
Kost Pak Oki Tipe C Gedongtengen Yogyakarta,jogja,campur,gedong tengen,4,2100000
Kost Jl. Bausasran Danurejan Yogyakarta,jogja,putri,danurejan,4,800000
Kost Putri Amanah II Type 3 Danurejan Yogyakarta,jogja,putri,danurejan,6,2100000
Kost Griya Putri Ayu Danurejan Yogyakarta,jogja,putri,danurejan,0,400000
Kost Bayangkara Ngampilan Yogyakarta,jogja,putra,ngampilan,6,1800000
Kost Velriyo Tipe B Danurejan Yogyakarta,jogja,putra,danurejan,2,350000
Kost Pak Priambodo Tipe A Jetis Yogyakarta,jogja,putri,jetis,2,600000
Kost Bahagia Tipe A Danurejan Yogyakarta,jogja,putri,danurejan,2,350000
Kost Bahagia Tipe B Danurejan Yogyakarta,jogja,putri,danurejan,2,450000
Kost Bahagia Tipe D Danurejan Yogyakarta,jogja,putri,danurejan,2,500000
Kost Hn Jl.Bausasran No.64 Danurejan Yogyakarta,jogja,putra,danurejan,0,800000
Kost Home Stay Stasiun Tugu Jogja 2 Gedong Tengen Yogyakarta,jogja,campur,gedong tengen,6,5000000
Kost Dagen Malioboro Yogyakarta,jogja,campur,gedong tengen,6,4050000
Kost Puri Seturan 46 Tipe A Caturtunggal Depok Sleman Yogyakarta,jogja,putra,depok,6,1000000
Kost Puri Seturan 46 Tipe B Caturtunggal Depok Sleman Yogyakarta,jogja,putra,depok,6,1500000
Kost Putri Zia Tipe B Condongcatur Depok Sleman Yogyakarta,jogja,putri,depok,4,1450000
Kost Puri Gading Sari Seturan Depok Sleman,jogja,putri,depok,0,1300000
Kost Zalika  Tipe C Depok Sleman,jogja,putri,depok,6,1000000
Kost Costin Tipe A Depok Sleman,jogja,putra,depok,4,750000
Kost Costin Tipe A Depok Sleman,jogja,putri,depok,4,1350000
Kost Costin Tipe C Depok Sleman,jogja,putri,depok,6,1700000
Kost Corika Depok Sleman,jogja,putra,depok,2,750000
Kost Jendral Depok Sleman,jogja,putra,depok,4,900000
Kost Casa De Amory Tipe C Seturan Condongcatur Depok Sleman Yogyakarta,jogja,putri,depok,6,1500000
Kost iKos Nologaten Tipe A Condongcatur Depok Sleman Yogyakarta,jogja,putra,depok,6,1300000
Kost Casa De Amory Tipe E Seturan Condongcatur Depok Sleman Yogyakarta,jogja,putri,depok,6,1400000
Kost Casa De Amory Tipe D Seturan Condongcatur Depok Sleman Yogyakarta,jogja,putri,depok,6,1500000
Kost Casa De Amory Tipe A Seturan Condongcatur Depok Sleman Yogyakarta,jogja,putri,depok,6,1300000
Kost Syanara Tipe A Depok Sleman,jogja,campur,depok,6,1200000
Kost Syanara Tipe C Depok Sleman,jogja,campur,depok,6,1500000
Kost Syanara Tipe D Depok Sleman,jogja,campur,depok,6,1750000
Kost Paviliun Brantas Seturan Yogyakarta,jogja,putri,depok,4,2500000
Kost Harmony Condongcatur Depok Sleman,jogja,putri,depok,6,1500000
Kost Kayla Homestay Depok Sleman Yogyakarta,jogja,putri,depok,2,1000000
Kost Pugeran Utama 35 Tipe A Maguwoharjo Depok Sleman Yogyakarta,jogja,putra,depok,0,400000
Kost Pugeran Utama 35 Tipe B Maguwoharjo Depok Sleman Yogyakarta,jogja,putra,depok,0,700000
Kost Griya Al-Kautsar Tipe B Condongcatur Depok Sleman Yogyakarta,jogja,putra,depok,4,1750000
Kost Griya Al-Kautsar Tipe C Condongcatur Depok Sleman Yogyakarta,jogja,putra,depok,4,1650000
Kost Griya Al-Kautsar Tipe A Condong Catur Depok Sleman Yogyakarta,jogja,putra,depok,4,1900000
Kost Handayani Caturtunggal Depok Sleman Yogyakarta,jogja,putri,depok,4,700000
Kost Rajawali Bu Endang Tipe A Condongcatur Depok Sleman Yogyakarta,jogja,putri,depok,0,400000
Kost Rajawali Bu Endang Tipe B Condongcatur Depok Sleman Yogyakarta,jogja,putri,depok,0,450000
Kost Mecmata House 2 Tipe A Depok Sleman,jogja,campur,depok,6,1500000
Kost Mecmata House 2 Tipe B Depok Sleman,jogja,campur,depok,6,1600000
Kost Pop Art Yudhistira Caturtunggal Depok Sleman,jogja,campur,depok,6,1800000
Kost Tamara Caturtunggal Depok Sleman,jogja,putri,depok,6,850000
Kost Griya Anggitan Tipe A Depok Sleman,jogja,putri,depok,6,2250000
Kost Griya Anggitan Tipe B Depok Sleman,jogja,putri,depok,6,2500000
Kost Griya Anggitan Tipe C Depok Sleman,jogja,putri,depok,6,2750000
Kost Grand Monica Tipe A Depok Sleman,jogja,campur,depok,6,1800000
Kost Grand Monica Tipe B Depok Sleman,jogja,campur,depok,6,2000000
Kost Grand Monica Tipe C Depok Sleman,jogja,campur,depok,6,2300000
Vivo Seturan Apartment - B9 U8 Yogyakarta,jogja,campur,depok,4,2800000
Kost The Imajo Depok Sleman,jogja,putri,depok,6,1299999
Kost Putra Seturan Yogyakarta,jogja,putra,depok,4,650000
Kost Putra Salsabiela 2 Seturan Yogyakarta,jogja,putra,depok,4,800000
Kost Putra Seturan Sleman Yogyakarta,jogja,putra,depok,4,650000
Kost Putra Salsabiela Type Deluxe Seturan Sleman Yogyakarta,jogja,putra,depok,4,750000
Kost Putra Salsabiela 2 Type Superior Seturan Sleman Yogyakarta,jogja,putra,depok,4,825000
Kost Putra Salsabiela 2 Type Standar Seturan Sleman Yogyakarta,jogja,putra,depok,4,650000
Kost Putra Salsabiela Type C Depok lLeman,jogja,putra,depok,4,775000
Kost Putra Salsabiela Type B Depok Sleman,jogja,putra,depok,4,875000
Kost Putra Salsabiela 1 Type A Seturan Depok Sleman Yogyakarta,jogja,putra,depok,2,600000
Kost Perum Yadara Puluhdadi Depok Sleman,jogja,putra,depok,0,550000
Kost Muslimah Griya Laras Depok Sleman,jogja,putri,depok,4,850000
[FLEXI] Kost Singgahsini Kanaka Allana Tipe B Sinduharjo Yogyakarta,jogja,putra,ngaglik,6,1270000
[FLEXI] Kost Singgahsini Kanaka Allana Tipe A Sinduharjo Yogyakarta,jogja,putra,ngaglik,4,1020000
[FLEXI] Kost Ravasya Tipe A Condongcatur Depok Sleman Yogyakarta GF,jogja,putri,depok,6,1925000
Kost Jasmin Lempongsari Tipe A Ngaglik Sleman,jogja,putri,ngaglik,6,1500000
Kost iKos Kaliurang UII Tipe Standard Ngaglik Sleman Yogyakarta,jogja,campur,ngaglik,6,1300000
Kost Elle Ngaglik Sleman,jogja,putri,ngaglik,4,1600000
Kost D'rez Tipe B Ngaglik Sleman Yogyakarta,jogja,putri,ngaglik,4,600000
Kost D'rez Tipe A  Ngaglik Sleman Yogyakarta,jogja,putri,ngaglik,4,750000
Kost Omah Ganesa Tipe A Ngemplak Sleman Yogyakarta,jogja,campur,ngemplak,6,2500000
Kost Omah Ganesa Tipe B Ngemplak Sleman,jogja,campur,ngemplak,6,2000000
Kost Grand Sosro Tipe C Ngaglik Sleman,jogja,campur,ngaglik,6,1800000
Kost The Damai Tipe A Ngaglik Sleman Yogyakarta,jogja,campur,ngaglik,4,3000000
Kost Hijau Bu Zum Tipe A Depok Sleman,jogja,putra,depok,6,950000
Kost Griya Suryantin Ngaglik Sleman Yogyakarta,jogja,putri,ngaglik,6,1500000
Kost Grha Difan Mlati Sleman Yogyakarta,jogja,putra,mlati,6,1800000
Kost Ravasya Tipe B Condongcatur Depok Sleman Yogyakarta,jogja,putri,depok,6,2300000
Kost Ravasya Tipe C Condongcatur Depok Sleman Yogyakarta,jogja,campur,depok,6,2500000
Kost Concat Tipe A Ngemplak Sleman,jogja,putri,ngemplak,4,375000
Kost Concat Tipe B Ngemplak Sleman Yogyakarta,jogja,putri,ngemplak,4,500000
Kost Jasmin Lempongsari Tipe C Ngaglik Sleman,jogja,putri,ngaglik,6,1700000
Kost Jasmin Lempongsari Tipe D Ngaglik Sleman,jogja,putri,ngaglik,6,2000000
Kost Jasmin Lempongsari Tipe B Ngaglik Sleman,jogja,putri,ngaglik,6,1600000
Kost Alma House Ngaglik Sleman,jogja,putri,ngaglik,6,1000000
Kost Ethes Exclusive Ngemplak Sleman,jogja,putri,ngemplak,4,1400000
Kost Homestay KK Deluxe Double Ngaglik Sleman,jogja,putri,depok,4,1600000
Kost Homestay KK Deluxe Single Ngaglik Sleman,jogja,putri,depok,4,1400000
Kost 2 Sodara Depok Sleman,jogja,putra,depok,6,1400000
Kost iKos Nusa Indah Tipe A Condongcatur Depok Sleman  Yogyakarta,jogja,campur,ngemplak,6,1500000
"Kost Sari I Tipe A Jakal KM 6,5 Kentungan Mlati Sleman Yogyakarta",jogja,putri,mlati,4,800000
Kost Leeren Executive Stay Tipe B Ngaglik Sleman,jogja,campur,ngaglik,6,1500000
Kost Leeren Executive Stay Tipe A Ngaglik Sleman,jogja,campur,ngaglik,6,2000000
Kost Bu Wardi Bangunan B Ngemplak Sleman,jogja,putra,ngemplak,4,650000
Kost Bu Wardi Bangunan C Ngemplak Sleman,jogja,putra,ngemplak,4,650000
Kost Bu Wardi Ngemplak Sleman,jogja,putra,ngemplak,4,650000
Kost Riana Exclusive Ngaglik Sleman,jogja,putri,ngaglik,6,1500000
Kost Putri Rajawali Sleman Yogyakarta,jogja,putri,ngaglik,2,700000
Kost Lembayung Ngaglik Sleman,jogja,putri,ngaglik,6,1500000
Kost Omah Ayu Mendiro Ngaglik Sleman Yogyakarta,jogja,putri,ngaglik,6,2200000
Kost Dinda CandiGebang Tipe A Condongcatur Depok Sleman Yogyakarta,jogja,campur,depok,6,1400000
Kost Wisma Nandya Ngaglik Sleman,jogja,putri,ngaglik,4,1200000
Kost Rumah KK Ngaglik Sleman Yogyakarta,jogja,putri,ngaglik,4,500000
Kost Kentungan Ceria Condongcatur Depok Sleman,jogja,putri,depok,2,500000
Kost Kaka Tipe A Ngaglik Sleman Yogyakarta,jogja,putra,depok,4,1200000
Kost Kaka Tipe C Ngaglik Sleman Yogyakarta,jogja,putri,depok,4,1500000
Kost El Baik Eksklusif Syariah Tipe 1 Ngaglik Sleman,jogja,campur,ngaglik,4,900000
Kost El Baik Eksklusif Syariah Tipe B Ngaglik Sleman,jogja,putri,ngaglik,4,1000000
Kost El Baik Eksklusif Syariah Tipe C Ngaglik Sleman,jogja,campur,ngaglik,6,1100000
Kost Griya Adhi Ngemplak Sleman,jogja,putra,ngemplak,4,550000
Kost Antrasite Tipe B Ngaglik Sleman,jogja,putra,ngaglik,4,800000
Kost Kotak House Tipe A Condongcatur Depok Sleman Yogyakarta,jogja,putri,depok,0,600000
Kost Griya Ardafa Tipe Dormitory Yogyakarta,jogja,putra,depok,6,700000
Kost Putri Mataram Jaya Tipe A Depok Sleman,jogja,putri,depok,6,750000
Kost Kusuma Banteng Depok Sleman,jogja,putri,depok,4,1150000
Kost Annafi Apartel Ngaglik Sleman,jogja,putra,ngaglik,6,1300000
Kost Raihan Ngaglik Sleman,jogja,putra,ngaglik,0,300000
Kost Latansa Ngemplak Sleman,jogja,putra,ngemplak,6,600000
Kost Syar'i Dayu Permai B51 Ngaglik Sleman,jogja,putri,ngaglik,2,700000
Kost Star Private Depok Sleman,jogja,putri,depok,0,350000
Kost Idjo Tipe A Depok Sleman,jogja,putra,depok,4,750000
Kost Teletubbies Tipe A Ngemplak Sleman,jogja,putra,ngemplak,0,550000
Kost Teletubbies Tipe D Ngemplak Sleman,jogja,putra,ngemplak,2,700000
Kost Teletubbies Tipe B Ngemplak Sleman,jogja,putra,ngemplak,2,600000
Kost Teletubbies Tipe C Ngemplak Sleman,jogja,putra,ngemplak,0,650000
Kost Ibu Siti Wonorejo Ngaglik Sleman Yogyakarta,jogja,putra,ngaglik,0,350000
Kost Pak Andre Sariharjo Ngaglik Sleman Yogyakarta,jogja,campur,ngaglik,4,650000
Kost Putri Ekslusif Sarah Ngaglik Sleman,jogja,putri,ngaglik,6,1600000
Kost D'Bougenville Tipe A Mlati Sleman,jogja,putri,mlati,6,2000000
Kost Omah Anggajaya Depok Sleman,jogja,campur,depok,2,750000
Kost D'Rosella Tipe B Mlati Sleman Yogyakarta,jogja,campur,ngaglik,4,2000000
Kost Mackahaus Depok Sleman,jogja,putri,mlati,4,2500000
Kost  AL-Fazza Sidoarum Godean Sleman,jogja,putra,godean,4,750000
Kost Kiki  Tipe A Godean Sleman,jogja,putra,godean,4,500000
Kost Kiki  Tipe B Godean Sleman,jogja,putra,godean,2,1000000
Kost Adit Tipe A Godean Sleman,jogja,campur,godean,4,510000
Kost Adit Tipe B Godean Sleman,jogja,campur,godean,4,600000
Kost Fika Putera Godean Sleman,jogja,putri,godean,4,600000
Kost Az Zahra Godean Sleman,jogja,putri,godean,0,400000
Kost Merak Godean Yogyakarta,jogja,putri,godean,2,400000
Kost Dhiajeng Eksklusif Tipe B Banjarsari Surakarta,jogja,putri,banjarsari,6,1050000
Kost Pelangi Tipe A Banjarsari Surakarta,jogja,campur,banjarsari,6,1500000
Kost Pelangi Banjarsari Surakarta,jogja,campur,banjarsari,6,850000
Kost Sarasvati Tipe C Banjarsari Surakarta,jogja,putri,banjarsari,6,1200000
[FLEXI] Kost Singgahsini Algohome Tipe Premium Kledokan Yogyakarta,jogja,putri,depok,6,1670000
[FLEXI] Kost Singgahsini Algohome Tipe VIP Kledokan Yogyakarta,jogja,putri,depok,6,1920000
[FLEXI] Kost Singgahsini Omah Khiar Tipe B Depok Yogyakarta,jogja,putri,depok,4,1170000
[FLEXI] Kost Singgahsini Omah Khiar Tipe C Depok Yogyakarta,jogja,putri,depok,4,1270000
[FLEXI] Kost Singgahsini Omah Khiar Tipe D Depok Yogyakarta,jogja,putri,depok,4,1370000
[FLEXI] Kost Singgahsini Omah Khiar Tipe E Depok Yogyakarta,jogja,putri,depok,4,1470000
[FLEXI] Kost Singgahsini Rahayu Tipe A4 Condongcatur Yogyakarta,jogja,putri,depok,4,920000
[FLEXI] Kost Singgahsini My Home Casa Grande Tipe Residence Maguwoharjo Yogyakarta,jogja,putri,depok,4,1720000
[FLEXI] Kost Singgahsini My Home Casa Grande Tipe Eksklusif Plus Maguwoharjo Yogyakarta,jogja,putri,depok,4,1420000
[FLEXI] Kost Singgahsini Rumah Eyang Tipe A Gejayan Yogyakarta,jogja,putri,depok,4,1298000
[FLEXI] Kost Singgahsini Kurnia Gejayan Yogyakarta,jogja,putri,depok,6,980000
[FLEXI] Kost Singgahsini Algohome Tipe Premium Plus Kledokan Yogyakarta,jogja,putri,depok,6,1900000
[FLEXI] Kost Rajawali Bu Endang Tipe C Condongcatur Depok Sleman Yogyakarta GF,jogja,putri,depok,2,600000
"Kost Exclusive Roemah Djogja-1 di  Nologaten, Dekat Mall Ambarukmo, Mall Hartono, Seturan Babarsari GF",jogja,campur,depok,6,2350000
Kost UGM UNY Dahlia Caturtunggal Depok Sleman Yogyakarta,jogja,putri,depok,6,2000000
Paviliun Bella Luna Maguwoharjo Yogyakarta,jogja,putri,depok,2,3500000
Kost Exclusive Teras Merapi Tipe A Condongcatur Depok Sleman Yogyakarta,jogja,putri,depok,6,2000000
Kost Casa De Calestine Tipe A Seturan Depok Sleman Yogyakarta,jogja,putri,depok,6,1500000
Kost Nirvana Inn Syariah 1 Tipe A Depok Sleman,jogja,campur,depok,6,1499000
Kost Nirvana Inn Syariah 1 UGM Tipe B Condongcatur Depok Sleman,jogja,campur,depok,6,1599000
Kost Nirvana Inn Syariah 2 UGM Tipe A Condongcatur Depok Sleman Yogyakarta,jogja,campur,depok,6,1499000
Kost Nirvana Inn Syariah 2 UGM Tipe B Condongcatur Depok Sleman Yogyakarta,jogja,campur,depok,6,1599000
Kost Nirvana Inn Syariah 2 UGM  Tipe C Condongcatur Depok Sleman Yogyakarta,jogja,campur,depok,6,1699000
Kost Nirvana Inn Syariah Tipe C Depok Sleman,jogja,campur,depok,6,1699000
Kost Griya Jagadhita Caturtunggal Depok Sleman Yogyakarta,jogja,putra,depok,6,1600000
Kost Bella Luna Maguwoharjo Depok Sleman Yogyakarta,jogja,putri,depok,4,1750000
Kost Putri Dahlia Tipe B Condongcatur Depok Sleman Yogyakarta,jogja,putri,depok,6,1700000
Kost Putri Dahlia Tipe A Condongcatur Depok Sleman Yogyakarta,jogja,putri,depok,6,1500000
Kost Nangka Resident Tipe A Kosongan  Maguwoharjo Depok Sleman Yogyakarta,jogja,putra,depok,6,750000
Kost Nangka Resident Tipe C Maguwoharjo Depok Sleman,jogja,putra,depok,6,1400000
Kost Nangka Resident Tipe B Maguwoharjo Depok Sleman Yogyakarta,jogja,putra,depok,6,1058000
Kost Pondok Trio Tipe C Depok Sleman,jogja,putri,depok,4,600000
Kost Pondok Trio Tipe B Depok Sleman,jogja,putri,depok,4,500000
Kost Sanata I Tipe A Depok Sleman,jogja,putri,depok,4,600000
Kost AMD Selokan Mataram Condongcatur Depok Sleman Yogyakarta,jogja,campur,depok,4,750000
Kost Putri Kania Tipe B Ngaglik Sleman Yogyakarta,jogja,putri,ngaglik,6,2000000
Kost Salsaura Tipe B Maguwoharjo Depok Sleman Yogyakarta,jogja,putri,depok,4,1000000
Kost Salsaura Tipe A Maguwoharjo Depok Sleman Yogyakarta,jogja,putri,depok,6,750000
Kost Green Belt Tipe A Ngemplak Sleman Yogyakarta,jogja,campur,ngemplak,6,2500000
Kost Green Belt Tipe B Ngemplak Sleman Yogyakarta,jogja,campur,ngemplak,6,3300000
Kost Paviliun Celestine Seturan Depok Sleman,jogja,campur,depok,6,2750000
Kost Kimbik Putri Eksklusif Tipe D Pakualaman Yogyakarta,jogja,putri,pakualaman,4,2500000
Kost Kimbik's Putri Eksklusif Tipe B Pakualaman Yogyakarta,jogja,putri,pakualaman,4,1750000
Kost Muslimah Dekat SGM Tipe B Umbulharjo Yogyakarta,jogja,putri,umbulharjo,0,500000
Kost Putri Muslim Amanah Umbulharjo Yogyakarta,jogja,putri,umbulharjo,0,500000
Kost Muslimah 2A Umbulharjo Yogyakarta,jogja,putri,umbulharjo,4,800000
Kost Rumah 566 Han ei Mergangsan Yogyakarta,jogja,putri,mergangsan,4,5000000
Kost  Exclusive Rumah 566 Mergangsan Yogyakarta,jogja,putri,mergangsan,4,3500000
Kost Jl Celeban 519 Umbulharjo Yogyakarta,jogja,putri,umbulharjo,4,500000
Kost Islam Bu Bagyo Umbulharjo Yogyakarta,jogja,putri,umbulharjo,2,550000
Kost Putri Rumi Umbulharjo Yogyakarta,jogja,putri,umbulharjo,4,750000
Kost Bu Ika Umbulharjo Yogyakarta,jogja,putra,umbulharjo,0,400000
Kost Omah MbahTi Umbulharjo Yogyakarta,jogja,putri,umbulharjo,6,750001
Kost Wiro Seno Umbulharjo Yogyakarta,jogja,putri,umbulharjo,2,500000
Kost Putri Kendedes Umbulharjo Yogyakarta,jogja,putri,umbulharjo,4,850000
Kost Arika Tipe A Umbulharjo Yogyakarta,jogja,putri,umbulharjo,4,800000
Kost Raisa Tipe C Sukajadi Bandung,bandung,campur,sukajadi,4,900000
Kost Peppy Dewi Sartika Bandung,bandung,putri,regol,2,500000
Kost Wanita Pandu Dalam Cicendo Bandung,bandung,putri,cicendo,0,500000
Kost Balebat Taman Sari Bandung,bandung,putra,bandung wetan,2,1000000
Kost Green House 78 Tipe B Coblong Bandung,bandung,putra,coblong,4,900000
Kost Jl Lengkong Kecil Bandung,bandung,campur,lengkong,6,800000
Kost Orange House Coblong Bandung,bandung,campur,coblong,6,900000
Kost Ibu Hely Cicendo Bandung,bandung,campur,cicendo,4,750000
Kost Putri Andriyanti Bandung,bandung,putri,regol,2,650000
Kost Ibu Ike Pungkur Regol Bandung,bandung,campur,regol,4,850000
Kost Arimbi Regol Bandung,bandung,campur,regol,2,1250000
Kost Auliya Regol Bandung,bandung,campur,regol,6,1600000
Kost Auliya Tipe A Regol Bandung,bandung,campur,regol,4,1000000
Kost Elise Tipe A Bandung Wetan,bandung,putri,bandung wetan,4,900000
Kost 67 Paledang Lengkong Bandung,bandung,putri,lengkong,6,1000000
Kost Melkid Abc Lengkong Bandung,bandung,putri,lengkong,4,1000000
Kost Ahmad 4 No 6 Cicendo Bandung,bandung,campur,cicendo,2,625000
Kost She House Gatsu Kiaracondong Bandung,bandung,putra,kiaracondong,4,500000
Kost Studiomels Putri Antapani Bandung,bandung,putri,antapani,2,500000
Kost Cibodas Raya Tipe A Antapani Bandung,bandung,campur,antapani,4,900000
Kost Gempol Cibeunying Kidul Bandung,bandung,campur,cibeunying kidul,2,500000
Kost Banjar Laksana Antapani Bandung,bandung,campur,antapani,2,1000000
Kost Kinclong Antapani Bandung,bandung,putri,antapani,0,600000
Kost Pondok 66 Kiaracondong Bandung,bandung,campur,kiaracondong,6,800000
Kost Umiabu Kiaracondong Bandung,bandung,campur,kiaracondong,4,500000
Kost Ibu Tina Kiaracondong Bandung,bandung,campur,kiaracondong,4,700000
Kost RinaH Tipe A Antapani Bandung,bandung,campur,antapani,2,650000
Kost Panjalu Kiaracondong Bandung,bandung,putri,kiaracondong,0,400000
Kost Butika Antapani Bandung,bandung,campur,antapani,2,800000
Kost Family 261 Kiaracondong Bandung,bandung,campur,kiaracondong,2,650000
Kost Yoel Valentino Antapani Bandung,bandung,campur,antapani,6,650000
Kost Pak Ahmad Kiaracondong Bandung,bandung,putri,kiaracondong,4,650000
Kost Bu Suyati  Antapani Bandung,bandung,campur,antapani,4,800000
[FLEXI] Kost Singgahsini Griya Kaum Residence Tipe B Sukajadi Bandung,bandung,campur,sukajadi,6,1520000
[FLEXI] Kost Singgahsini Griya Kaum Residence Tipe A Sukajadi Bandung,bandung,campur,sukajadi,6,1420000
[FLEXI] Kost Singgahsini Griya Kaum Residence Tipe C Sukajadi Bandung,bandung,campur,sukajadi,6,1890000
[FLEXI] Kost Singgahsini Griya Kaum Residence Tipe E Sukajadi Bandung,bandung,campur,sukajadi,6,1920000
[FLEXI] Kost Singgahsini Griya Kaum Residence Plus Tipe B Sukajadi Bandung,bandung,campur,sukajadi,6,2320000
Kost  Eya & Eza Tipe E Bandung Wetan,bandung,campur,bandung wetan,4,1100000
Kost Jalan Maulana Yusuf 2 Bandung Wetan,bandung,putra,bandung wetan,2,1650000
Kost Kebon Bibit 15 Tipe B Bandung Wetan Bandung,bandung,putri,bandung wetan,6,800000
Kost Pelesiran 56/57 Tipe A Coblong Bandung,bandung,putra,coblong,4,750000
Kost Pelesiran 53 Coblong Bandung,bandung,putri,bandung wetan,4,1000000
Kost Taman Tipe C Sukajadi Bandung,bandung,campur,sukajadi,2,1500000
Kost Taman Tipe D Sukajadi Bandung,bandung,campur,sukajadi,2,1800000
Kost Taman Tipe A Sukajadi Bandung,bandung,campur,sukajadi,4,1300000
Kost Wastu Tipe A Bandung Wetan,bandung,campur,bandung wetan,4,750000
Kost Wastu Tipe C Bandung Wetan,bandung,campur,bandung wetan,4,900000
Kost Eksklusif Puri Almada Puri Indah Jatinangor Sumedang,bandung,putra,jatinangor,6,850000
Kost Wisma Sejahtera Putri Jatinangor Sumedang,bandung,putri,jatinangor,4,1420000
Kost Wisma Beriman Putra Jatinangor Sumedang,bandung,putra,jatinangor,4,1250000
Kost Wisma Beriman Jatinangor Sumedang,bandung,campur,jatinangor,4,1250000
Kost Casa Mia Exclusive Jatinangor Sumedang,bandung,campur,jatinangor,4,2500000
Kost Puri Paramita Jatinangor Bandung,bandung,putri,jatinangor,4,950000
Kost Satu Jatinangor Sumedang Bandung,bandung,putra,jatinangor,4,500000
Kost Wisma Titian Jatinangor Sumedang,bandung,putri,jatinangor,6,1750000
Kost Pak Dian Tipe C Sukasari Bandung,bandung,putri,sukasari,6,950000
Kost Budiasih Tipe A Sukasari Bandung,bandung,campur,sukasari,4,700000
Kost Budiasih Tipe B Sukasari Bandung,bandung,campur,sukasari,4,850000
Kost Budiasih Tipe C Sukasari Bandung,bandung,campur,sukasari,4,950000
Kost Earth Sukasari Bandung,bandung,campur,sukasari,0,800000
Kost Murah Ganesha Sukajadi Bandung,bandung,campur,sukajadi,2,1800000
Kost ibu Oneng Tipe A Sukasari Bandung,bandung,putri,sukasari,2,650000
Kost Ibu Riris Sukasari Bandung,bandung,putri,sukasari,2,650000
Kost ibu Oneng Tipe B Sukasari Bandung,bandung,putri,sukasari,2,900000
Kost Bp Iden Tipe A Sukasari Bandung,bandung,campur,sukasari,2,450000
Kost Bp Iden Tipe B Sukasari Bandung,bandung,campur,sukasari,2,500000
Kost Bp Iden Tipe C Sukasari Bandung,bandung,campur,sukasari,4,600000
Kost Cipedes 227 Sukasari Bandung,bandung,putri,sukasari,4,500000
Kost 77 Sukasari Bandung,bandung,campur,sukasari,2,800000
Kost Dekat PVJ Sukajadi Bandung,bandung,campur,sukajadi,4,600000
Kost Ibu Tobing Sukasari Bandung,bandung,campur,sukasari,2,700000
Kost Budiluhur 4 Tipe A Sukasari Bandung,bandung,campur,sukasari,2,850000
Kost Pak Salman Sukajadi Bandung,bandung,campur,sukajadi,4,600000
Kost Assyifa Sukasari Bandung,bandung,putra,sukasari,2,1500000
Kost Bungur 33 Sukajadi Bandung,bandung,campur,sukajadi,0,700000
Kost Bu Sri Tipe C Cibeunying Kidul Bandung,bandung,putri,cibeunying kidul,6,850000
Kost Bu Sri Tipe B Cibeunying Kidul Bandung,bandung,putri,cibeunying kidul,6,800000
Kost Bekalivron 18 Tipe B Cibeunying Kidul Bandung,bandung,campur,cibeunying kidul,6,1000000
Kost Bekalivron 18 Tipe C Cibeunying Kidul Bandung,bandung,campur,cibeunying kidul,6,1200000
Kost Al Huda Muslimah III Cibeunying Kidul Bandung,bandung,putri,cibeunying kidul,4,700000
Kost Al Huda Muslimah II Tipe C Cibeunying Kidul Bandung,bandung,putri,cibeunying kidul,4,750000
Kost Al Huda Muslimah I Tipe A Cibeunying Kidul Bandung,bandung,putri,cibeunying kidul,4,700000
Kost No 73 Tipe B Cibeunying Kaler Bandung,bandung,campur,cibeunying kaler,6,1200000
Kost No 73 Tipe A Cibeunying Kaler Bandung,bandung,campur,cibeunying kaler,4,1000000
Kost Ibu Yunita Type A Cibeunying Kidul Bandung,bandung,putri,cibeunying kidul,4,750000
Kost Tenda Biru Tipe B Cibeunying Kaler Bandung,bandung,campur,cibeunying kaler,6,800000
Kost Tenda Biru Tipe A Cibeunying Kaler Bandung,bandung,campur,cibeunying kaler,6,600000
Kost Kantin Elroz Sekeloa Coblong Bandung,bandung,campur,coblong,4,600000
Kost Pondok Eros Coblong Bandung,bandung,campur,coblong,6,850000
Kost Wisma salsabila Coblong Bandung,bandung,putri,coblong,4,750000
Kost Ern's Coblong Bandung,bandung,campur,coblong,4,1500000
Kost Nijisi House Tipe B Coblong Bandung,bandung,putri,coblong,2,1650000
Kost Nijisi House Tipe A Coblong Bandung,bandung,putri,coblong,2,1550000
Kost Muslimah Coblong Bandung,bandung,putri,coblong,6,1100000
Kost Muslim Maddina House Dago Coblong Bandung,bandung,putra,coblong,2,400000
Kost Tubiz Coblong Bandung,bandung,putri,coblong,6,1150000
Kost Cahaya Rahayu Coblong Bandung,bandung,campur,coblong,2,1200000
Kost Eksklusif Assakinah Tubagus Ismail Coblong Bandung,bandung,putri,coblong,6,1500000
Kost Dago Asri Coblong Bandung,bandung,putra,coblong,6,2300000
Kost Farmakologi Tipe A Cibeunying Kaler Bandung,bandung,campur,cibeunying kaler,4,800000
Kost Deeva Coblong Dago Bandung,bandung,putri,coblong,4,1600000
Kost Rumah Aca Coblong Bandung,bandung,campur,coblong,0,3000000
Kost Rasya Dago Bandung,bandung,campur,coblong,4,460000
Kost Abi Ir H Djuanda Gang Wardia No 26 Coblong Bandung,bandung,putri,coblong,4,1300000
Kost Pondok Habibie Coblong Bandung,bandung,putri,coblong,2,750000
Kost Sanggar Huni Buahbatu Bandung,bandung,putri,buahbatu,2,700000
Kost Harmony House Buahbatu Bandung,bandung,campur,buahbatu,4,1550000
Kost Exclusive Jl Soekarno - Hatta  Bandung,bandung,campur,buahbatu,2,3500000
Kost Bumi Kiara Kiaracondong Bandung,bandung,campur,kiaracondong,2,500000
Kost Papangungan Kiaracondong Bandung,bandung,campur,kiaracondong,2,350000
Kost Karyawan Kawaluyaan Buahbatu Bandung,bandung,putra,buahbatu,2,1500000
Kost Rumahku Tipe A Buahbatu Bandung,bandung,campur,buahbatu,6,1600000
Kost Rumahku Tipe D Buahbatu Bandung,bandung,campur,buahbatu,4,2150000
Kost Rumahku Tipe B Buahbatu Bandung,bandung,campur,buahbatu,6,1800000
Kost Maleka Home Tipe A Buah Batu Bandung,bandung,campur,buahbatu,0,750000
Kost Kamal Buahbatu Bandung,bandung,campur,buahbatu,2,400000
Kost Bu Iin Tipe A Lengkong Bandung,bandung,putri,lengkong,2,600000
Kost Bu Iin Tipe B Lengkong Bandung,bandung,putri,lengkong,2,700000
Kost Kelinci 11 Tipe A Lengkong Bandung,bandung,campur,lengkong,6,850000
Kost Kalista Astanaanyar Bandung,bandung,campur,astanaanyar,2,800000
Kost Eksklusif Pondok Kayu Agung Buah Batu Bandung,bandung,campur,lengkong,6,2500000
Kost Ibu Lilis Pamagersari Tipe A Regol Bandung,bandung,putri,regol,2,500000
Kost Ibu Upi Tipe B Lengkong Bandung,bandung,campur,lengkong,6,900000
Kost  Karyawan Putra Pasir Salam Tipe B Regol Bandung,bandung,putra,regol,2,750000
Kost Pondok Hijau Tegallega Bandung,bandung,putri,astanaanyar,2,650000
Kost Ibu Nenden Tipe B Bangbayang Coblong Bandung,bandung,campur,coblong,4,1500000
Kost Dani Sukajadi Bandung,bandung,campur,sukajadi,4,3000000
Kost Bakti Tipe A 3 Sukajadi Bandung,bandung,campur,sukajadi,6,1100000
Kost Waspada 3 Sukajadi Bandung,bandung,campur,sukajadi,6,2400000
Kost Green House Bandung,bandung,putra,coblong,4,850000
Kost 28 Cicendo Tipe B Cicendo Bandung,bandung,campur,cicendo,2,700000
Kost 28 Cicendo Tipe A Cicendo Bandung,bandung,campur,cicendo,4,700000
Kost Pondok Mangga Sukajadi Bandung,bandung,campur,sukajadi,4,600000
Kost Andri Sukasari Bandung,bandung,campur,sukasari,6,850000
Kost Moal Pundung Sukajadi Bandung,bandung,putra,sukajadi,4,600000
Kost CST 9 Dago Bandung,bandung,putra,coblong,4,750000
Kost Ganesha Surya Sumantri Sarijadi Sukajadi Bandung,bandung,campur,sukajadi,4,950000
Kost Rengganis 1B Pav Coblong Bandung,bandung,putri,coblong,6,2000000
Kost Exclusive Sarijadi 93 Sukasari Bandung,bandung,putri,sukasari,4,1500000
Kost Gloria Ecorooms Tipe A-1 Sukajadi Bandung,bandung,campur,sukajadi,4,1200000
Kost Pondok Mangga Mini Sukajadi Bandung,bandung,campur,sukajadi,6,500000
Kost Gloria Ecorooms Tipe C Sukajadi Bandung,bandung,campur,sukajadi,0,750000
Kost Bu Imas Tipe B Sukajadi Bandung,bandung,campur,sukajadi,0,500000
Kost Rumah Bu Imas Sukajadi Bandung,bandung,campur,sukajadi,4,700000
Kost Gemilang Tipe B Regol Bandung,bandung,campur,regol,6,700000
Kost Ratuyeni  Tipe B Astanaanyar Bandung,bandung,campur,astanaanyar,0,650000
Kost Ratuyeni Pelindung Hewan Astanaanyar Bandung,bandung,campur,astanaanyar,2,850000
Kost Doni Leuwipanjang Bojongloa Kidul Bandung,bandung,campur,bojongloa kidul,4,750000
Kost Pondok Bunda Tipe A Bojongloa Kidul Bandung,bandung,campur,bojongloa kidul,6,700000
Kost Karang Rereuh Regol Bandung,bandung,campur,regol,6,1800000
Kost Bapak Franz Babakan Ciparay Bandung,bandung,campur,babakan ciparay,4,600000
Kost Sheza Regol Bandung,bandung,putri,regol,6,800000
Kost Pa Anas Astana Anyar Bandung,bandung,campur,astanaanyar,2,600000
Kost Grutty Garsel Cibaduyut Bandung,bandung,campur,bojongloa kidul,2,380000
Kost P15 Bojongloa Kidul Bandung,bandung,putri,bojongloa kidul,2,700000
Kost Pak H Didi II Tipe B Babakan Ciparay Bandung,bandung,campur,babakan ciparay,6,650000
Kost Pak H Didi II Tipe A Babakan Ciparay Bandung,bandung,campur,babakan ciparay,6,550000
Kost Pondok Cola Babakan Ciparay Bandung,bandung,putri,babakan ciparay,2,2500000
KOST JIREH Tipe B Bojongloa Kidul Bandung,bandung,campur,bojongloa kidul,6,750000
Kost Ohana Eksklusif Tipe E Semarang Tengah,semarang,putri,semarang tengah,4,850000
Kost Sadewa 5 Semarang Tengah,semarang,putra,semarang tengah,2,550000
Kost Adama Rejosari Semarang,semarang,putra,semarang timur,4,550000
Kost Via Semarang Tengah,semarang,putri,semarang tengah,6,800000
Kost Cita Tipe A Semarang Tengah,semarang,putri,semarang tengah,4,550000
Kost Cita Tipe D Semarang Tengah,semarang,putri,semarang tengah,4,750000
Kost Cita Tipe E Semarang Tengah,semarang,putri,semarang tengah,6,800000
Kost Putri 68 51 Tipe C Semarang Tengah,semarang,putri,semarang tengah,0,650000
Kost Seven Days Tipe B Semarang Utara,semarang,putri,semarang utara,2,1500000
Kost  Semarang Tengah Kota,semarang,campur,semarang tengah,0,600000
Kost Andita Semarang Utara,semarang,putri,semarang utara,4,550000
Kost Megumi Semarang Utara,semarang,putri,semarang utara,4,600000
Kost Elite 471 Tipe B Semarang Tengah,semarang,putri,semarang tengah,2,600000
Kost Elite 471 Tipe C Semarang Tengah,semarang,putri,semarang tengah,4,1300000
Kost Rumah Wotgandul 92F Semarang,semarang,campur,semarang tengah,2,1200000
Kost Amarantha Boarding House Semarang Timur,semarang,putri,semarang timur,6,700000
Kost Bu dian Tipe B Semarang Utara,semarang,campur,semarang utara,0,500000
Kost Bu Dian Tipe A Semarang Utara,semarang,campur,semarang utara,0,400000
Kost Ibu Cynthia Pedurungan Semarang,semarang,putra,pedurungan,4,400000
Kost Eksklusif Orenz House Semarang,semarang,campur,pedurungan,6,1100000
Kost Jeruk Timur II/1 Semarang Selatan,semarang,campur,semarang selatan,6,1100000
Kost Putri Bu Siti Pedurungan Semarang,semarang,putri,pedurungan,2,800000
Kost Rumah SB77 Semarang Selatan,semarang,campur,semarang selatan,4,1500000
Kost Puri Classic Pedurungan Semarang,semarang,campur,pedurungan,0,800000
Kost Lamper Tengah Tipe B Semarang Selatan,semarang,putra,semarang selatan,2,500000
Kost Kimar III Tipe C Gayamsari Semarang,semarang,campur,gayamsari,2,1400000
Kost Kimar III Tipe B Gayamsari Semarang,semarang,campur,gayamsari,0,1400000
Kost Olieana Resident Pedurungan Semarang,semarang,campur,pedurungan,6,1500000
Kost Griya Adidas Tipe A Pedurungan Semarang,semarang,campur,pedurungan,2,600000
Kost Griya Adidas Tipe B Pedurungan Semarang,semarang,campur,pedurungan,4,650000
Kost Griya Adidas Tipe D Pedurungan Semarang,semarang,campur,pedurungan,4,950000
Kost Griya Adidas Tipe E Pedurungan Semarang,semarang,campur,pedurungan,4,1100000
Kost Griya Adidas Tipe F Pedurungan Semarang,semarang,campur,pedurungan,4,1100000
Kost Sky Pedurungan Semarang,semarang,campur,pedurungan,4,700000
Kost Sky Tipe 2 Pedurungan Semarang,semarang,campur,pedurungan,2,500000
Kost Irawan Semarang Selatan,semarang,putri,semarang selatan,2,400000
Kost Bu Mujib Gayamsari Semarang,semarang,putri,gayamsari,2,450000
Kost Wolter Monginsidi Tipe A Genuk Semarang,semarang,putra,genuk,2,600000
Kost Wolter Monginsidi Tipe B Genuk Semarang,semarang,putra,genuk,2,450000
Kost Raharjo Genuk Semarang,semarang,putri,genuk,6,663000
Kost Genuk Indah F785 Genuk Semarang,semarang,putri,genuk,4,500000
Kost Genuk Indah Tipe A Genuk Semarang,semarang,putri,genuk,6,750000
Kost Genuk Indah Tipe B Semarang,semarang,campur,genuk,4,1050000
Kost Ngablak Indah Genuk Semarang,semarang,putra,genuk,2,400000
Kost Mahasiswi Unisula Genuk Semarang,semarang,putri,genuk,2,350000
Kost Ria Jw Tipe A Genuk Semarang,semarang,putri,genuk,4,550000
Kost Eyang Uti Genuk Semarang,semarang,campur,genuk,4,1300000
Kost Double D Tipe A Genuk Semarang,semarang,putri,genuk,4,500000
Kost Double D Tipe B Genuk Semarang,semarang,putri,genuk,4,550000
Kost Griya Rotussia Tipe A Genuk Semarang,semarang,putri,genuk,6,950000
Kost Griya Rotussia Tipe B Genuk Semarang,semarang,putri,genuk,6,900000
Kost Griya Rotussia Tipe C Genuk Semarang,semarang,putri,genuk,6,750000
Kost Avi Genuk Semarang,semarang,putri,genuk,6,1250000
Kost Bugen Genuk Semarang,semarang,putri,genuk,0,500000
Kost Griya Albylla Genuk Semarang,semarang,putri,genuk,6,1200000
Kost Agus Salim Semarang Tengah Semarang,semarang,putri,semarang tengah,4,1500000
Kost Anugerah Jl Citarum Tengah No 1 Tipe C Semarang,semarang,putri,semarang timur,4,1200000
Kost Altaf Putra Tipe A Purwosari Rejosari Semarang Timur,semarang,campur,semarang timur,6,1000000
Kost Anugerah Jl Citarum Tengah No 1 Tipe A Semarang,semarang,putri,semarang timur,2,750000
Kost Anugerah Jl Citarum Tengah No 1 Tipe B Semarang,semarang,putri,semarang timur,4,850000
Kost Pantes Kota Lama Semarang Tengah,semarang,campur,semarang tengah,6,2499000
Kost Pantes Semawis Semarang Tengah Semarang,semarang,campur,semarang tengah,6,3750000
Kost DS CoLive  34 Pecinan Semarang Tengah,semarang,campur,semarang tengah,6,2000000
Kost Ibu Azizah Semarang Timur,semarang,putri,semarang timur,2,500000
Kost Keluarga Citarum Semarang Timur,semarang,campur,semarang timur,0,550000
Kost Harian Kita A Gayamsari Semarang,semarang,campur,gayamsari,4,850000
Kost Harian Kita Jl.  karang Ingas Tipe B Gayamsari Semarang,semarang,campur,gayamsari,4,2600000
Kost Belakang Rumah Mami Semarang Timur,semarang,putri,semarang timur,2,400000
kost Bu Yanti Berkah Gayamsari Semarang,semarang,campur,gayamsari,2,400000
Kost Griya Rejosari Semarang Timur,semarang,campur,semarang timur,4,1500000
Kost Kentangan House Semarang,semarang,putri,semarang tengah,2,700000
Kost Rejosari Semarang Timur,semarang,campur,semarang timur,4,450000
Kost Wisma DS Semarang Timur,semarang,putri,semarang timur,4,1000000
Kost Melati Bu Dwi Tipe A Ungaran Barat Semarang,semarang,putri,ungaran barat,4,800000
Kost Marella Residence Ungaran Barat Semarang,semarang,campur,ungaran barat,6,1500000
Kost Guest House Timlo Solo Tipe A Ungaran Barat Semarang,semarang,campur,ungaran barat,6,2200000
Kost De Uno House Ungaran Timur Semarang,semarang,campur,ungaran timur,4,1000000
Kost Otin Ungaran Barat Semarang,semarang,putri,ungaran barat,2,475000
Kost Putri Pak Mahsun Ungaran Semarang,semarang,putri,ungaran timur,2,400000
Kost Griya Undaris Ungaran Timur Semarang,semarang,campur,ungaran timur,4,1600000
Kost Homy Dliwang Ungaran Barat Semarang,semarang,putri,ungaran barat,2,500000
Kost Pondok Melati Ungaran Barat Semarang,semarang,putri,ungaran barat,0,550000
Kost Kanaya Sidomulyo Ungaran Timur,semarang,putri,ungaran timur,4,500000
Kost Zaskia Ungaran Barat Semarang,semarang,campur,ungaran barat,4,480000
Kost Dliwang Tipe A Ungaran Barat Semarang,semarang,putri,ungaran barat,2,500000
Kost Graha Undaris Ungaran Timur Semarang,semarang,putri,ungaran timur,4,1300000
Kost Bu Dewi Ungaran Timur Semarang,semarang,putri,ungaran timur,4,600000
Kost Bu Sri Karanbolo Ungaran Barat Semarang,semarang,putri,ungaran barat,4,650000
Kost Mr.1 Ungaran Barat Semarang,semarang,putra,ungaran barat,4,1350000
Kost Eksklusif Ngaliyan Semarang,semarang,putri,ngaliyan,2,900000
Kost Van Daroe Tipe D Ngaliyan Semarang,semarang,putra,ngaliyan,0,650000
Kost Van Daroe Tipe B Ngaliyan Semarang,semarang,campur,ngaliyan,6,2500000
Kost Van Daroe Tipe C Ngaliyan Semarang,semarang,putra,ngaliyan,0,600000
Kost Pak Suroto Ngaliyan Semarang,semarang,putra,ngaliyan,4,350000
Kost Industri Candi Ngaliyan Semarang,semarang,campur,ngaliyan,6,550000
Kost Nafisah Ngaliyan Semarang,semarang,putri,ngaliyan,4,1200000
Kost Permata Eksekutif Ngaliyan Semarang,semarang,campur,ngaliyan,6,1200000
Kost Akio Tipe A Ngaliyan Semarang,semarang,campur,ngaliyan,2,550000
Kost Akio TipeB Ngaliyan Semarang,semarang,campur,ngaliyan,4,1200000
Kost Annisa Ngaliyan Semarang,semarang,putri,ngaliyan,2,400000
Kost Attic Ngaliyan Semarang,semarang,putri,ngaliyan,2,500000
Kost Shafira BPI Ngaliyan Semarang,semarang,putri,ngaliyan,4,600000
Kost Wisma Beji Ngaliyan Semarang,semarang,putri,ngaliyan,4,600000
Kost Wisma Basae Ngaliyan Semarang,semarang,putri,ngaliyan,4,700000
Kost Khalisa 2 Ngaliyan Semarang,semarang,putri,ngaliyan,2,900000
Kost Candi Intan II Tipe A Ngaliyan Semarang,semarang,putra,ngaliyan,2,550000
Kost Pipit Ngaliyan Semarang,semarang,putra,ngaliyan,0,350000
Kost Ibu Eni Kliwonan Ngaliyan Semarang,semarang,putra,ngaliyan,4,500000
Kost Tetelu Tembalang Semarang,semarang,putri,tembalang,2,650000
Kost Putri Perumda Baru Tembalang Semarang,semarang,putri,tembalang,0,600000
Kost Adalina Banyumanik Semarang,semarang,putri,banyumanik,6,1500000
Kost Ganesha Shelter Bulusan Tembalang Semarang,semarang,putra,tembalang,4,800000
Kost Iwenisari Tembalang Semarang,semarang,putra,tembalang,4,550000
Kost Cozy Tembalang Semarang,semarang,putri,tembalang,6,550000
Kost Savannah Tembalang Semarang,semarang,putri,tembalang,4,1000000
Kost Golden Historian Tembalang Semarang,semarang,putra,tembalang,4,500000
Kost Corvette Tembalang Semarang,semarang,putra,tembalang,4,700000
Kost Pandawa Banyumanik Semarang,semarang,putra,banyumanik,6,1200000
Kost Wisma Naufal Tembalang Semarang,semarang,putra,tembalang,2,450000
Kost Hosana Tembalang Semarang,semarang,putri,tembalang,4,450000
Kost Flamboyan Tembalang Semarang,semarang,putri,tembalang,6,1200000
Kost Bapak Catur Tembalang Semarang,semarang,putra,tembalang,2,500000
Kost House of Jojo Tipe A Tembalang Semarang,semarang,putri,tembalang,2,550000
Kost Pak Tony Tembalang Semarang,semarang,putri,tembalang,4,500000
Kost Putri 18 Banyumanik Semarang,semarang,putri,banyumanik,6,950000
Kost 9b Undip Tembalang Semarang,semarang,campur,tembalang,6,1000000
Kost Bu Tohari Tipe A Lamper Kidul Semarang Selatan,semarang,putra,semarang selatan,0,850000
Kost Bu Tohari Tipe B Lamper Kidul Semarang Selatan,semarang,putra,semarang selatan,2,950000
Kost Medoho Gayamsari Semarang,semarang,campur,gayamsari,0,800000
Kost Ibu Lies Gayamsari Semarang,semarang,putri,gayamsari,0,400000
Kost Ibu Lis Tipe A Gayamsari Semarang,semarang,putri,gayamsari,0,400000
Kost Putri Baterman Kecil Semarang,semarang,putri,semarang tengah,0,1200000
Kost Utami Semarang Selatan,semarang,putri,semarang selatan,6,650000
Kost Jl. Lamper Tengah Semarang Selatan,semarang,campur,semarang selatan,6,1050000
Kost D'Orange Semarang Selatan,semarang,campur,semarang selatan,6,1500000
Kost Pleburan II 4 Semarang Selatan,semarang,putri,semarang selatan,6,1650000
Kost Mugas Simpang Lima Semarang,semarang,putri,semarang selatan,2,550000
Kost Mugas 767 Semarang Selatan,semarang,putri,semarang selatan,2,1000000
Kost Mugas Simpang Lima Semarang Selatan,semarang,putri,semarang selatan,0,550000
Kost Griya Loka Pleburan Simpang Lima Semarang Selatan,semarang,campur,semarang selatan,4,2000000
Kost Arina Gayamsari Semarang,semarang,putri,gayamsari,2,700000
Kost 22 Jl Lamongan Barat 6 Tipe B Gajah Mungkur Semarang,semarang,putri,gajahmungkur,4,750000
Kost 22 Jl Lamongan Barat 6 Tipe A Gajah Mungkur Semarang,semarang,campur,gajahmungkur,2,650000
Kost Griya Stonen Tipe B Gajahmungkur Semarang,semarang,campur,gajahmungkur,4,900000
Kost Exclusive Menoreh Gajahmungkur Semarang,semarang,putri,gajahmungkur,6,1500000
Kost Indriyono Tipe C1 Gajahmungkur Semarang,semarang,putri,gajahmungkur,2,800000
Kost Indriyono Tipe B Gajahmungkur Semarang,semarang,putri,gajahmungkur,2,700000
Kost Indriyono Tipe C2 Gajahmungkur Semarang,semarang,putri,gajahmungkur,2,1200000
Kost Kasih Gajahmungkur Semarang,semarang,putri,gajahmungkur,4,450000
Kost Andalus MenorehUtara Gajahmungkur Semarang,semarang,putri,gajahmungkur,2,550000
Kost Sampangan Tipe C Gajahmungkur Semarang,semarang,campur,gajahmungkur,4,600000
Kost Lamongan  Gajahmungkur Semarang,semarang,campur,gajahmungkur,0,650000
Kost Menoreh Timur Tipe B Gajahmungkur Semarang,semarang,campur,gajahmungkur,4,650000
Kost Bu Siane Tipe A Gajahmungkur Semarang,semarang,putra,gajahmungkur,2,450000
Kost Menoreh Dua Satu Tipe B Sampangan Gajahmungkur Semarang,semarang,putri,gajahmungkur,2,450000
Kost Putri Menoreh Dua Satu Sampangan Semarang,semarang,putri,gajahmungkur,2,500000
Kost Nanda Ngaliyan Semarang,semarang,putra,ngaliyan,2,600000
Kost Uti Menoreh Sampangan Gajahmungkur Semarang,semarang,putri,gajahmungkur,4,450000
Kost Griya Stonen Tipe A Gajahmungkur Semarang,semarang,campur,gajahmungkur,4,1500000
Kost Fitria Gajahmungkur Semarang,semarang,putra,gajahmungkur,0,300000
Kost D'bay 2 Banyumanik Semarang,semarang,putri,banyumanik,6,1500000
Kost Griya Sawunggaling Tipe A Banyumanik Semarang,semarang,putra,banyumanik,2,750000
Kost Paviliun Durian Executive Room Banyumanik Semarang,semarang,putri,banyumanik,6,1700000
Kost Mangga Dalam Selatan Banyumanik Semarang,semarang,campur,banyumanik,4,900000
Kost  ACE Tipe B Banyumanik Semarang,semarang,campur,banyumanik,2,1000000
Kost Bapak Sukarmin Tipe B Banyumanik Semarang,semarang,campur,banyumanik,2,400000
Kost Syariah Poltekes Srondol Wetan Banyumanik Semarang,semarang,putri,banyumanik,6,2600000
Kost Pandu Tipe A Pedurungan Semarang,semarang,campur,pedurungan,4,750000
Kost Pandu 12 Tipe B Pedurungan Semarang,semarang,campur,pedurungan,2,1200000
Kost Nugroho Tipe B Pedurungan Semarang,semarang,campur,pedurungan,4,1000000
Kost Nugroho Tipe A Pedurungan Semarang,semarang,campur,pedurungan,4,700000
Kost Pak Jumangi Pedurungan Semarang,semarang,campur,pedurungan,4,600000
Kost Bu Ratimah Pedurungan Semarang,semarang,campur,pedurungan,2,600000
Kost Bu Siti Tlogosari Pedurungan Semarang,semarang,campur,pedurungan,0,700000
Kost Tlogosari Pedurungan Semarang,semarang,putra,pedurungan,4,400000
Kost Didit Pedurungan Semarang,semarang,campur,pedurungan,4,550000
Kost Bintang Tipe A Tembalang Semarang,semarang,campur,tembalang,4,550000
Kost Regganet Tembalang Semarang,semarang,campur,tembalang,4,600000
Kost Mbak Nia Tipe A Pedurungan Semarang,semarang,campur,pedurungan,2,500000
Kost Mbak Nia Tipe B Pedurungan Semarang,semarang,campur,pedurungan,2,550000
Kost Mbak Nia Tipe C Pedurungan Semarang,semarang,campur,pedurungan,2,600000
Kost Kembar 27 Pedurungan Semarang,semarang,campur,pedurungan,4,600000
Kost Syariah Pasutri Pedurungan Semarang,semarang,campur,pedurungan,0,1350000
Kost Harian Pondok Pakde Pen Pedurungan Semarang,semarang,campur,pedurungan,4,850000
Kost Pondok Pakde Pen Tipe C Pedurungan Semarang,semarang,campur,pedurungan,2,850000
Kost Omah Joglo Gajahmungkur Semarang,semarang,campur,gajahmungkur,2,1750000
Kost Bu Siska Gajahmungkur Semarang,semarang,campur,gajahmungkur,4,700000
Kost De Ghazlina Gajahmungkur Semarang,semarang,putri,gajahmungkur,4,750000
Kost Bapak Sarono Tipe A Gajahmungkur Semarang,semarang,putra,gajahmungkur,2,400000
Kost Bapak Endra Gajahmungkur Semarang,semarang,campur,gajahmungkur,2,650000
Kost Wisma Idea Gajahmungkur Semarang,semarang,campur,gajahmungkur,2,1200000
Kost Pak Mudjiono Singosari Malang,malang,campur,singosari,4,425000
Kost Biru 2 Singosari Malang,malang,putra,singosari,2,400000
Kost Karanglo 19C Tipe B Singosari Malang,malang,putra,singosari,2,425000
Kost Angker Singosari Malang,malang,putra,singosari,2,400000
Kost Ibu Tutik Singosari Malang,malang,campur,singosari,0,400000
Kost Putra Mondoroko Singosari Malang,malang,putra,singosari,0,300000
Kost Jl. Suropati Singosari Malang,malang,putra,singosari,2,350000
Kost Bapak Mukaji Singosari Malang,malang,putra,singosari,0,450000
Kost P Tohir Sempol Singosari Malang,malang,putra,singosari,2,225000
Kost Karanglo Singosari Malang,malang,putra,singosari,4,350000
Kost Toko Jaya Abadi Tipe A Singosari Malang,malang,campur,singosari,4,350000
Kost Toko Jaya Abadi Tipe B Singosari Malang,malang,campur,singosari,4,550000
Kost Tunjungtirto Singosari Malang,malang,putra,singosari,2,250000
Kost Karolin Blimbing Malang,malang,campur,blimbing,6,1500000
Kost  54B Singosari Malang,malang,putra,singosari,4,450000
Kost Berkah Singosari Malang,malang,putri,singosari,2,550000
Kost Putra Manggar Tipe C Lowokwaru Malang,malang,putra,lowokwaru,4,500000
Kost Ratu Boarding House Tipe A Klojen Malang,malang,putri,klojen,6,2500000
Kost Ratu Boarding House Tipe B Klojen Malang,malang,putra,klojen,6,2500000
Kost Grand ABM Lowokwaru Malang,malang,campur,lowokwaru,4,1400000
Kost Bu Nur Lowokwaru Malang,malang,putri,lowokwaru,2,450000
Kost Gajayana Lowokwaru Malang,malang,putri,lowokwaru,4,500000
Kost Bantaran IIID Lowokwaru Malang,malang,putra,lowokwaru,2,500000
Kost Muslim Dwiga Lowokwaru Malang,malang,putra,lowokwaru,4,750000
Kost Jalan Kendalsari no 41 Lowokwaru Malang,malang,putri,lowokwaru,2,500000
Kost D'Maktab Homestay Lowokwaru Malang,malang,campur,lowokwaru,6,2500000
Kost LiSanda Lowokwaru Malang,malang,putra,lowokwaru,2,850000
Kost Semanggi Barat Tipe B Lowokwaru Malang,malang,putri,lowokwaru,2,450000
Kost Semanggi Barat Tipe A Lowokwaru Malang,malang,putri,lowokwaru,2,400000
Kost Matahari Lowokwaru Malang,malang,putri,lowokwaru,2,500000
Kost Gandrung Lowokwaru Malang,malang,putri,lowokwaru,4,750000
Kost Iin Tipe B Lowokwaru Malang,malang,putra,lowokwaru,4,800000
Kost Kamar Mandi Dalam Kalpataru 65 Lowokwaru Malang,malang,putra,lowokwaru,6,800000
Kost Kalpataru 65 Lowokwaru Malang,malang,putra,lowokwaru,4,600000
Kostan Putra Pagarra Syariah Tipe A Lowokwaru Malang,malang,putra,lowokwaru,6,1000000
Kost 249A Lowokwaru Malang,malang,putri,lowokwaru,2,500000
Kost N'Cafe A'isy Dhasyad Kepanjen Malang,malang,campur,kepanjen,6,600000
Kost Putri Bu Sarni Kepanjen Malang,malang,putri,kepanjen,4,350000
Kost LG Homestay Kepanjen Malang,malang,campur,kepanjen,6,650000
Kost Laos Kepanjen Malang,malang,putra,kepanjen,4,500000
Kost Al-Qodri Kepanjen Malang,malang,campur,kepanjen,0,400000
Kost Karyawan Kepanjen Malang,malang,putra,kepanjen,4,800000
Kost Adisantuso 20 Kepanjen Malang,malang,putra,kepanjen,6,600000
Kost Ibu Titis Tipe A Kepanjen Malang,malang,putri,kepanjen,2,300000
Kost Griya Panji Kepanjen Malang,malang,putri,kepanjen,4,350000
Kost Kepanjen Fariyana Kepanjen Malang,malang,putra,kepanjen,6,600000
Kost Barokah Tipe B Kepanjen Malang,malang,putra,kepanjen,6,500000
Kost Barokah Tipe A Kepanjen Malang,malang,putra,kepanjen,4,450000
Kost Buk Maning Kepanjen  Malang,malang,campur,kepanjen,4,500000
Kost Ibu Soes Tipe A Kepanjen Malang,malang,putri,kepanjen,4,450000
Kost Ibu Soes Tipe B Kepanjen Malang,malang,putri,kepanjen,6,500000
Kost Al Amin Kepanjen Malang,malang,putri,kepanjen,2,500000
Kost Ibu Titis Tipe B Kepanjen Malang,malang,putri,kepanjen,4,350000
Kost Asri Kepanjen Malang,malang,campur,kepanjen,6,600000
Kost Putri Muslim Kertopamuji 6 Lowokwaru Malang,malang,putri,lowokwaru,2,700000
Kost Kav 26 Lowokwaru Malang,malang,putri,lowokwaru,4,800000
Kost Terusan Surabaya Blok-A No.14-G Lowokwaru Malang,malang,putri,lowokwaru,6,850000
Kost Sumbersari 3-A 224 Lowokwaru Malang,malang,putri,lowokwaru,4,600000
Kost Mantika Lowokwaru Malang,malang,putri,lowokwaru,6,900000
Kost Adea Sukun Malang,malang,putri,sukun,4,950000
Kost Putri Kalijaga Lowokwaru Malang,malang,putri,lowokwaru,6,950000
Kost Andy Jaya Lowokwaru Malang,malang,putra,lowokwaru,2,400000
Kost Andy Jaya Panjaitan Klojen Malang,malang,putri,klojen,2,425000
Kost Dasti Sukun Malang,malang,putri,sukun,6,1000000
Kost Sumbersari VI/16 Tipe A Lowokwaru Malang,malang,putra,lowokwaru,4,600000
Kost Sumbersari 4/60B Lowokwaru Kota Malang,malang,putri,lowokwaru,0,600000
Kost Ruko Bening SIgura Gura Malang,malang,putra,lowokwaru,2,600000
Kost Pak Kusno Sukun Malang,malang,putra,sukun,6,700000
Kost Sumbersari Tipe C Lowokwaru Malang,malang,putra,lowokwaru,2,500000
Kost Muslimah Nawangan Lowokwaru Malang,malang,putri,lowokwaru,2,550000
Kost Wadas Lintang Tipe A Lowokwaru Malang,malang,putri,lowokwaru,4,350000
Kost Devy Lowokwaru Malang,malang,putri,lowokwaru,2,700000
Kost Ibu Titi 2 Batu Malang,malang,campur,batu,2,350000
Kost Afiasari Batu Malang,malang,putra,batu,2,500000
Kost White Batu,malang,campur,batu,4,500000
Kost Sakura Pesanggrahan Batu,malang,campur,batu,6,750000
Kost Pak Warisin Tipe B Batu Malang,malang,campur,batu,4,600000
Kost Raya Pattimura 37 Batu,malang,putra,batu,6,2000000
Kost Griya Syafa Batu Malang,malang,putri,batu,4,420000
Kost Pak To Soto I Batu,malang,campur,batu,4,450000
Kost Samadi Tipe D Batu,malang,putri,batu,4,700000
Kost Samadi Tipe A Batu,malang,putri,batu,2,400000
Kost Samadi Tipe B Batu,malang,putri,batu,4,500000
Kost Samadi Tipe C Batu,malang,putri,batu,4,600000
Kost Jalan Wukir Batu Malang,malang,putra,batu,4,400000
Kost Chimoen Batu,malang,putri,batu,4,400000
Kost L Jl. Suropati Gang Karate Batu,malang,campur,batu,6,750000
Kost Abah Heru Batu Premium Batu Malang,malang,campur,batu,4,750000
Kost Pak Warisin Tipe A Batu Malang,malang,campur,batu,2,375000
Kost Nonalisa Boarding House Sukun Malang,malang,putri,sukun,0,500000
Kost Srikandi Sukun Malang,malang,putri,sukun,4,300000
Kost Jl Simpang Kepuh Utara Sukun Malang,malang,campur,sukun,6,750000
Kost 3 Dara Tipe C Sukun Malang,malang,putri,sukun,2,1000000
Kost 3 Dara Tipe D Sukun Malang,malang,putri,sukun,2,1250000
Kost 3 Dara Tipe E Sukun Malang,malang,putri,sukun,2,1400000
Kost 3 Dara Tipe B Sukun Malang,malang,putri,sukun,2,900000
Kost 3 Dara Tipe A Sukun Malang,malang,putri,sukun,2,700000
Kost Nonalisa Sukun Malang,malang,putri,sukun,2,1000000
Kost Barokah Sukun Malang,malang,putra,sukun,6,450000
Kost Vfaeyfa Sukun Malang,malang,putri,sukun,0,530000
Kost Bu Indah Sukun Malang,malang,putra,sukun,6,500000
Kost Indah Janti Sukun Malang,malang,putri,sukun,4,700000
Kost Janti Sukun Malang,malang,putra,sukun,4,500000
Kost Merpati Sukun Malang,malang,putri,sukun,6,600000
Kost University Park Sukun Malang,malang,putri,sukun,2,500000
Kost Omah Mas Ozi Tipe B Klojen Malang,malang,putri,klojen,4,450000
Kost Griya Tipe C Sukun Malang,malang,putri,sukun,4,550000
Kost Griya Putri Sukun Malang,malang,putri,sukun,6,900000
Kost Total Sukun Malang,malang,putra,sukun,4,450000
Kost Fortuna Blimbing Malang,malang,putra,blimbing,6,850000
Kost Karyawan Eksklusif Blimbing Malang,malang,putra,blimbing,6,1500000
Kost Putri Kak Mella. Jln. Karya Timur Glintung Gang 4 No.63 Blimbing Malang,malang,putri,blimbing,2,450000
Kost Btari House Tipe B Blimbing Malang,malang,campur,blimbing,4,600000
Kost LA Sucipto 57A Tipe A Blimbing Malang,malang,putri,blimbing,4,600000
Kost LA Sucipto 57A Tipe B Blimbing Malang,malang,putri,blimbing,4,650000
Kost Borobudur IVB/9 Blimbing Malang,malang,putri,blimbing,0,400000
Kost Cimadur Tipe B Blimbing Malang,malang,putra,blimbing,4,750000
Kost Ibu Rani Tipe B Blimbing Malang,malang,putri,blimbing,2,700000
Kost Ibu Rani Tipe A Blimbing Malang,malang,putri,blimbing,2,400000
Kost Murah Tipe A Blimbing Malang,malang,putri,blimbing,0,350000
Kost Murah Tipe C Blimbing Malang,malang,putri,blimbing,2,550000
Kost Putri Ripin Lowokwaru Malang,malang,putri,lowokwaru,6,600000
Kost Sumbersari Gang 3 229A Tipe B Lowokwaru Malang,malang,putri,lowokwaru,4,900000
Kost Sumbersari  254A Tipe A Lowokwaru Malang,malang,putri,lowokwaru,2,750000
Kost Sumbersari  254A Tipe B Lowokwaru Malang,malang,putri,lowokwaru,2,800000
Kost Sumbersari Gang 3 229A Tipe A Lowokwaru Malang,malang,putri,lowokwaru,0,800000
Kost Sumbersari Gang 3 229A Tipe C Lowokwaru Malang,malang,putri,lowokwaru,4,1800000
Kost Pak Tohir Tipe B Lowokwaru Malang,malang,putri,lowokwaru,2,580000
Kost Pak Tohir Tipe A Lowokwaru Malang,malang,putri,lowokwaru,2,700000
Kost UB Bunga Matahari Lowokwaru Malang,malang,putri,lowokwaru,6,1300000
Kost Omakost Dieng Tipe A Sukun Malang,malang,putra,sukun,4,550000
Kost Bu Fitri Sukun Malang,malang,putri,sukun,0,650000
Kost Prabawira Klojen Malang,malang,putri,klojen,4,1000000
Kost Putri Ibu Yeni Candi 2 Tipe A Sukun Malang,malang,putri,sukun,6,650000
Kost Sumbersari VI/16 Tipe B Lowokwaru Malang,malang,putra,lowokwaru,4,600000
Kost Candi Badut 231 Sukun Malang,malang,putri,sukun,6,500000
Kost Bu Ali Jalan Mayjen Panjaitan Malang,malang,putri,klojen,4,450000
Kost Putri Athalia Tipe A Sukun Malang,malang,putri,sukun,4,500000
Kost Jln Kembang Kertas Tipe A Lowokwaru Malang,malang,putra,lowokwaru,6,900000
Kost PW Lowokwaru Malang,malang,putri,lowokwaru,2,850000
Kost Bu Aisyah Lowokwaru Malang,malang,putra,lowokwaru,6,500000
Kost Putri Keramik Dinoyo Malang,malang,putri,lowokwaru,4,416000
Kost Putri Pakpin Dinoyo Malang,malang,putri,lowokwaru,4,416000
Kost Dinoyo Permai Tipe C Lowokwaru Malang,malang,putra,lowokwaru,4,600000
Kost Suhat Putri Lowokwaru Malang,malang,putri,lowokwaru,6,900000
Kost Jl Taman Bunga Merak Lowokwaru Malang,malang,putra,lowokwaru,6,850000
Kost Putra Ibu Ida Candi Mendut Lowokwaru Malang,malang,putra,lowokwaru,6,800000
Kost Putra Ibu Ida Kendalsari Lowokwaru Malang,malang,putra,lowokwaru,4,600000
Kost Griya Shanta C-273 Lowokwaru Malang,malang,putri,lowokwaru,6,650000
Kost Divyanisa Lowokwaru Malang,malang,putri,lowokwaru,4,1500000
Kost TWKA 32 Lowokwaru Malang,malang,putri,lowokwaru,4,900000
Kost Bu Yudi Griyashanta Tipe C Lowokwaru Malang,malang,putra,lowokwaru,4,1250000
Kost Bu Yudi Griyashanta Tipe A Lowokwaru Malang,malang,putra,lowokwaru,2,900000
Kost Griya Asma Tipe B Lowokwaru Malang,malang,putri,lowokwaru,4,550000
Kost Cozy Putra Lowokwaru Malang,malang,putra,lowokwaru,6,1400000
